started=2026-10-10 04:15:26 +0000
system=n2_ccpvdz partition=partition node=bigMem5 threads=64 coordinates=64
iterations=2200000 interval=10000 z_threshold=5e-7 max_wavefunction_size=848256040 reference_energy=-109.2821730115
app=/home/yjzhang/codes/cdfci/perturbation/CDFCI/build_experiments/three-way-cd30332.Ed4053/cdfci_energy_correction_benchmark_omp output=/home/yjzhang/codes/cdfci/perturbation/CDFCI/experiment_results/energy_correction/1007784/n2_ccpvdz
Warning: FCIDUMP optional parameter stoi Use default value empty vector.

[Benchmark] raw CDFCI iterations=200
CDFCI calculation
-----------------
Reference determinant occupied spin-orbitals:
0  1  2  3  4  5  30  31  32  33  44  45  50  51  
Reference energy: -108.9493778784

Iteration                Energy                 PT2               Olsen               Ecorr                dx          |x|_0          |z|_0      Time
200             -109.2693692027    0.0000000000e+00    0.0000000000e+00        0.0000000000        2.4080e-02          12418       16726599      2.02
Final FCI Energy:          -109.2693692027027197
Iterations: 200
     Energy Estimate: 0.00 seconds
Wave Function Update: 1.68 seconds
   Coordinate Update: 0.09 seconds
     Coordinate Pick: 0.25 seconds
[Benchmark] raw CDFCI iterations=2200000
CDFCI calculation
-----------------
Reference determinant occupied spin-orbitals:
0  1  2  3  4  5  30  31  32  33  44  45  50  51  
Reference energy: -108.9493778784

Iteration                Energy                 PT2               Olsen               Ecorr                dx          |x|_0          |z|_0      Time
10000           -109.2813591760    0.0000000000e+00    0.0000000000e+00        0.0000000000        9.5477e-04         625704      289428359     86.84
20000           -109.2817437784    0.0000000000e+00    0.0000000000e+00        0.0000000000        5.4986e-04        1247656      409098191    168.91
30000           -109.2818843398    0.0000000000e+00    0.0000000000e+00        0.0000000000        3.6095e-04        1867415      479775268    250.52
40000           -109.2819575791    0.0000000000e+00    0.0000000000e+00        0.0000000000        2.7758e-04        2485693      522508735    329.80
50000           -109.2820026046    0.0000000000e+00    0.0000000000e+00        0.0000000000        1.9280e-04        3103743      548603492    407.64
60000           -109.2820328907    0.0000000000e+00    0.0000000000e+00        0.0000000000        1.7751e-04        3721819      564065496    486.78
70000           -109.2820546492    0.0000000000e+00    0.0000000000e+00        0.0000000000        1.3538e-04        4339887      573428781    566.49
80000           -109.2820709394    0.0000000000e+00    0.0000000000e+00        0.0000000000        1.3356e-04        4957940      579303388    645.51
90000           -109.2820836016    0.0000000000e+00    0.0000000000e+00        0.0000000000        1.2380e-04        5576046      583112839    724.52
100000          -109.2820937352    0.0000000000e+00    0.0000000000e+00        0.0000000000        1.0321e-04        6194263      585638044    803.05
110000          -109.2821019713    0.0000000000e+00    0.0000000000e+00        0.0000000000        7.2749e-05        6812370      587329328    882.56
120000          -109.2821087936    0.0000000000e+00    0.0000000000e+00        0.0000000000        8.3449e-05        7430794      588509646    960.88
130000          -109.2821145475    0.0000000000e+00    0.0000000000e+00        0.0000000000        7.5703e-05        8049347      589353133   1040.12
140000          -109.2821194534    0.0000000000e+00    0.0000000000e+00        0.0000000000        6.6371e-05        8667901      589983476   1119.95
150000          -109.2821236925    0.0000000000e+00    0.0000000000e+00        0.0000000000        6.4630e-05        9285965      590458959   1194.27
160000          -109.2821273717    0.0000000000e+00    0.0000000000e+00        0.0000000000        5.8835e-05        9904333      590818056   1267.37
170000          -109.2821306025    0.0000000000e+00    0.0000000000e+00        0.0000000000        5.4207e-05       10522953      591097769   1342.56
180000          -109.2821334481    0.0000000000e+00    0.0000000000e+00        0.0000000000        5.3045e-05       11141610      591310863   1419.27
190000          -109.2821359711    0.0000000000e+00    0.0000000000e+00        0.0000000000        4.8434e-05       11760063      591475923   1496.25
200000          -109.2821382339    0.0000000000e+00    0.0000000000e+00        0.0000000000        4.7418e-05       12378802      591601666   1570.72
210000          -109.2821402633    0.0000000000e+00    0.0000000000e+00        0.0000000000        4.3132e-05       12997340      591700248   1647.43
220000          -109.2821420997    0.0000000000e+00    0.0000000000e+00        0.0000000000        4.0212e-05       13616038      591775839   1722.66
230000          -109.2821437650    0.0000000000e+00    0.0000000000e+00        0.0000000000        4.5284e-05       14234648      591837493   1799.09
240000          -109.2821452845    0.0000000000e+00    0.0000000000e+00        0.0000000000        3.2427e-05       14853396      591891082   1876.58
250000          -109.2821466732    0.0000000000e+00    0.0000000000e+00        0.0000000000        3.4499e-05       15471829      591938018   1955.46
260000          -109.2821479467    0.0000000000e+00    0.0000000000e+00        0.0000000000        3.6697e-05       16090064      591982082   2028.49
270000          -109.2821491150    0.0000000000e+00    0.0000000000e+00        0.0000000000        3.1646e-05       16708227      592022438   2102.05
280000          -109.2821501945    0.0000000000e+00    0.0000000000e+00        0.0000000000        2.9534e-05       17326540      592059004   2179.53
290000          -109.2821511959    0.0000000000e+00    0.0000000000e+00        0.0000000000        2.7963e-05       17945064      592092805   2253.65
300000          -109.2821521237    0.0000000000e+00    0.0000000000e+00        0.0000000000        3.4332e-05       18563224      592123172   2328.71
310000          -109.2821529889    0.0000000000e+00    0.0000000000e+00        0.0000000000        2.9866e-05       19181287      592151649   2404.72
320000          -109.2821537944    0.0000000000e+00    0.0000000000e+00        0.0000000000        2.8613e-05       19799455      592177192   2482.70
330000          -109.2821545466    0.0000000000e+00    0.0000000000e+00        0.0000000000        2.6076e-05       20417739      592200126   2559.30
340000          -109.2821552515    0.0000000000e+00    0.0000000000e+00        0.0000000000        2.6995e-05       21035870      592221689   2634.39
350000          -109.2821559127    0.0000000000e+00    0.0000000000e+00        0.0000000000        2.8544e-05       21653920      592241767   2709.82
360000          -109.2821565334    0.0000000000e+00    0.0000000000e+00        0.0000000000        2.8926e-05       22272194      592259917   2784.92
370000          -109.2821571187    0.0000000000e+00    0.0000000000e+00        0.0000000000        2.0101e-05       22890227      592276071   2860.48
380000          -109.2821576692    0.0000000000e+00    0.0000000000e+00        0.0000000000        1.7161e-05       23508414      592291214   2935.96
390000          -109.2821581893    0.0000000000e+00    0.0000000000e+00        0.0000000000        2.5264e-05       24126643      592304652   3012.90
400000          -109.2821586801    0.0000000000e+00    0.0000000000e+00        0.0000000000        1.9396e-05       24744773      592317172   3087.12
410000          -109.2821591451    0.0000000000e+00    0.0000000000e+00        0.0000000000        1.6566e-05       25363099      592328658   3161.52
420000          -109.2821595861    0.0000000000e+00    0.0000000000e+00        0.0000000000        1.9097e-05       25981294      592339226   3232.90
430000          -109.2821600046    0.0000000000e+00    0.0000000000e+00        0.0000000000        1.8098e-05       26599713      592349515   3303.92
440000          -109.2821604019    0.0000000000e+00    0.0000000000e+00        0.0000000000        2.0353e-05       27217783      592358275   3374.76
450000          -109.2821607798    0.0000000000e+00    0.0000000000e+00        0.0000000000        1.3286e-05       27835674      592366141   3445.60
460000          -109.2821611393    0.0000000000e+00    0.0000000000e+00        0.0000000000        1.7541e-05       28453982      592373163   3518.42
470000          -109.2821614821    0.0000000000e+00    0.0000000000e+00        0.0000000000        1.3905e-05       29071906      592379485   3592.31
480000          -109.2821618095    0.0000000000e+00    0.0000000000e+00        0.0000000000        1.2584e-05       29690059      592385367   3665.36
490000          -109.2821621218    0.0000000000e+00    0.0000000000e+00        0.0000000000        1.6675e-05       30307845      592390992   3735.03
500000          -109.2821624210    0.0000000000e+00    0.0000000000e+00        0.0000000000        1.5102e-05       30925653      592396159   3806.57
510000          -109.2821627069    0.0000000000e+00    0.0000000000e+00        0.0000000000        1.7074e-05       31543142      592400650   3879.49
520000          -109.2821629804    0.0000000000e+00    0.0000000000e+00        0.0000000000        1.6703e-05       32160959      592404696   3951.43
530000          -109.2821632428    0.0000000000e+00    0.0000000000e+00        0.0000000000        1.4767e-05       32778676      592408332   4024.24
540000          -109.2821634945    0.0000000000e+00    0.0000000000e+00        0.0000000000        1.6679e-05       33396491      592411704   4097.29
550000          -109.2821637359    0.0000000000e+00    0.0000000000e+00        0.0000000000        1.3928e-05       34014465      592414839   4169.54
560000          -109.2821639673    0.0000000000e+00    0.0000000000e+00        0.0000000000        1.4612e-05       34632291      592417705   4242.89
570000          -109.2821641896    0.0000000000e+00    0.0000000000e+00        0.0000000000        1.4405e-05       35249718      592420325   4314.96
580000          -109.2821644035    0.0000000000e+00    0.0000000000e+00        0.0000000000        1.5512e-05       35867593      592422766   4386.41
590000          -109.2821646092    0.0000000000e+00    0.0000000000e+00        0.0000000000        1.5216e-05       36485090      592424944   4459.15
600000          -109.2821648076    0.0000000000e+00    0.0000000000e+00        0.0000000000        1.4834e-05       37102641      592427012   4530.73
610000          -109.2821649980    0.0000000000e+00    0.0000000000e+00        0.0000000000        1.2721e-05       37720376      592428818   4602.07
620000          -109.2821651818    0.0000000000e+00    0.0000000000e+00        0.0000000000        1.2599e-05       38338090      592430430   4675.31
630000          -109.2821653593    0.0000000000e+00    0.0000000000e+00        0.0000000000        1.1072e-05       38955433      592431794   4749.26
640000          -109.2821655309    0.0000000000e+00    0.0000000000e+00        0.0000000000        1.0929e-05       39572833      592433066   4824.62
650000          -109.2821656964    0.0000000000e+00    0.0000000000e+00        0.0000000000        1.0699e-05       40190287      592434193   4898.66
660000          -109.2821658564    0.0000000000e+00    0.0000000000e+00        0.0000000000        1.0761e-05       40807214      592435269   4977.27
670000          -109.2821660106    0.0000000000e+00    0.0000000000e+00        0.0000000000        1.1873e-05       41425038      592436349   5051.14
680000          -109.2821661598    0.0000000000e+00    0.0000000000e+00        0.0000000000        1.0473e-05       42042655      592437175   5123.01
690000          -109.2821663042    0.0000000000e+00    0.0000000000e+00        0.0000000000        9.5854e-06       42659833      592437993   5193.90
700000          -109.2821664441    0.0000000000e+00    0.0000000000e+00        0.0000000000        9.4828e-06       43277041      592438742   5266.35
710000          -109.2821665791    0.0000000000e+00    0.0000000000e+00        0.0000000000        1.0806e-05       43894381      592439376   5338.19
720000          -109.2821667100    0.0000000000e+00    0.0000000000e+00        0.0000000000        1.1628e-05       44511735      592439987   5411.57
730000          -109.2821668371    0.0000000000e+00    0.0000000000e+00        0.0000000000        1.1100e-05       45128951      592440501   5483.48
740000          -109.2821669603    0.0000000000e+00    0.0000000000e+00        0.0000000000        8.9217e-06       45745897      592441010   5555.90
750000          -109.2821670802    0.0000000000e+00    0.0000000000e+00        0.0000000000        9.0551e-06       46362383      592441365   5627.58
760000          -109.2821671958    0.0000000000e+00    0.0000000000e+00        0.0000000000        1.0288e-05       46979681      592441746   5701.61
770000          -109.2821673083    0.0000000000e+00    0.0000000000e+00        0.0000000000        6.6606e-06       47596526      592442019   5774.47
780000          -109.2821674173    0.0000000000e+00    0.0000000000e+00        0.0000000000        9.1999e-06       48213527      592442312   5847.94
790000          -109.2821675234    0.0000000000e+00    0.0000000000e+00        0.0000000000        9.7726e-06       48830555      592442628   5918.69
800000          -109.2821676263    0.0000000000e+00    0.0000000000e+00        0.0000000000        8.9788e-06       49447154      592442932   5988.15
810000          -109.2821677264    0.0000000000e+00    0.0000000000e+00        0.0000000000        9.7196e-06       50064002      592443174   6057.04
820000          -109.2821678237    0.0000000000e+00    0.0000000000e+00        0.0000000000        7.8449e-06       50680788      592443412   6126.18
830000          -109.2821679184    0.0000000000e+00    0.0000000000e+00        0.0000000000        8.7906e-06       51297663      592443618   6194.79
840000          -109.2821680105    0.0000000000e+00    0.0000000000e+00        0.0000000000        7.6642e-06       51914859      592443772   6264.33
850000          -109.2821681002    0.0000000000e+00    0.0000000000e+00        0.0000000000        9.1758e-06       52531654      592443931   6332.45
860000          -109.2821681875    0.0000000000e+00    0.0000000000e+00        0.0000000000        8.0470e-06       53148194      592444031   6401.66
870000          -109.2821682723    0.0000000000e+00    0.0000000000e+00        0.0000000000        7.5264e-06       53764921      592444151   6469.37
880000          -109.2821683549    0.0000000000e+00    0.0000000000e+00        0.0000000000        8.1026e-06       54381750      592444259   6538.95
890000          -109.2821684355    0.0000000000e+00    0.0000000000e+00        0.0000000000        7.2054e-06       54998174      592444365   6607.16
900000          -109.2821685140    0.0000000000e+00    0.0000000000e+00        0.0000000000        7.0935e-06       55615098      592444425   6676.09
910000          -109.2821685905    0.0000000000e+00    0.0000000000e+00        0.0000000000        6.8667e-06       56231659      592444489   6743.81
920000          -109.2821686652    0.0000000000e+00    0.0000000000e+00        0.0000000000        8.3060e-06       56847776      592444553   6813.79
930000          -109.2821687380    0.0000000000e+00    0.0000000000e+00        0.0000000000        6.7122e-06       57464156      592444639   6883.51
940000          -109.2821688090    0.0000000000e+00    0.0000000000e+00        0.0000000000        6.3986e-06       58080289      592444705   6953.19
950000          -109.2821688784    0.0000000000e+00    0.0000000000e+00        0.0000000000        6.0516e-06       58696375      592444748   7021.11
960000          -109.2821689461    0.0000000000e+00    0.0000000000e+00        0.0000000000        7.7021e-06       59312602      592444823   7090.98
970000          -109.2821690121    0.0000000000e+00    0.0000000000e+00        0.0000000000        6.3033e-06       59929002      592444877   7159.54
980000          -109.2821690765    0.0000000000e+00    0.0000000000e+00        0.0000000000        6.4368e-06       60545195      592444932   7228.01
990000          -109.2821691393    0.0000000000e+00    0.0000000000e+00        0.0000000000        5.7909e-06       61161169      592444967   7295.28
1000000         -109.2821692008    0.0000000000e+00    0.0000000000e+00        0.0000000000        5.5510e-06       61777174      592444995   7363.72
1010000         -109.2821692607    0.0000000000e+00    0.0000000000e+00        0.0000000000        8.0336e-06       62393119      592445040   7431.37
1020000         -109.2821693194    0.0000000000e+00    0.0000000000e+00        0.0000000000        6.7809e-06       63008876      592445069   7501.59
1030000         -109.2821693767    0.0000000000e+00    0.0000000000e+00        0.0000000000        7.8911e-06       63624844      592445097   7570.40
1040000         -109.2821694327    0.0000000000e+00    0.0000000000e+00        0.0000000000        7.5730e-06       64240933      592445120   7640.26
1050000         -109.2821694873    0.0000000000e+00    0.0000000000e+00        0.0000000000        7.1109e-06       64857080      592445138   7710.17
1060000         -109.2821695409    0.0000000000e+00    0.0000000000e+00        0.0000000000        5.8304e-06       65472820      592445172   7782.87
1070000         -109.2821695933    0.0000000000e+00    0.0000000000e+00        0.0000000000        5.9743e-06       66088596      592445182   7853.68
1080000         -109.2821696445    0.0000000000e+00    0.0000000000e+00        0.0000000000        6.9898e-06       66704750      592445189   7921.25
1090000         -109.2821696947    0.0000000000e+00    0.0000000000e+00        0.0000000000        4.9267e-06       67320713      592445197   7989.01
1100000         -109.2821697438    0.0000000000e+00    0.0000000000e+00        0.0000000000        5.9099e-06       67936325      592445205   8056.71
1110000         -109.2821697919    0.0000000000e+00    0.0000000000e+00        0.0000000000        5.2473e-06       68551754      592445222   8124.64
1120000         -109.2821698388    0.0000000000e+00    0.0000000000e+00        0.0000000000        5.2753e-06       69167312      592445242   8191.67
1130000         -109.2821698850    0.0000000000e+00    0.0000000000e+00        0.0000000000        6.7803e-06       69783095      592445248   8261.51
1140000         -109.2821699302    0.0000000000e+00    0.0000000000e+00        0.0000000000        5.8584e-06       70398491      592445273   8332.76
1150000         -109.2821699743    0.0000000000e+00    0.0000000000e+00        0.0000000000        5.0461e-06       71014087      592445284   8407.25
1160000         -109.2821700177    0.0000000000e+00    0.0000000000e+00        0.0000000000        5.2756e-06       71629230      592445290   8481.92
1170000         -109.2821700600    0.0000000000e+00    0.0000000000e+00        0.0000000000        5.9533e-06       72244742      592445291   8552.43
1180000         -109.2821701015    0.0000000000e+00    0.0000000000e+00        0.0000000000        6.1520e-06       72860192      592445295   8620.50
1190000         -109.2821701423    0.0000000000e+00    0.0000000000e+00        0.0000000000        5.7796e-06       73475218      592445299   8690.29
1200000         -109.2821701824    0.0000000000e+00    0.0000000000e+00        0.0000000000        4.7075e-06       74090331      592445299   8757.82
1210000         -109.2821702216    0.0000000000e+00    0.0000000000e+00        0.0000000000        6.4313e-06       74705155      592445301   8825.35
1220000         -109.2821702599    0.0000000000e+00    0.0000000000e+00        0.0000000000        5.3549e-06       75320510      592445310   8892.04
1230000         -109.2821702977    0.0000000000e+00    0.0000000000e+00        0.0000000000        5.3286e-06       75935845      592445320   8959.45
1240000         -109.2821703347    0.0000000000e+00    0.0000000000e+00        0.0000000000        6.6355e-06       76551080      592445320   9026.33
1250000         -109.2821703708    0.0000000000e+00    0.0000000000e+00        0.0000000000        4.6673e-06       77166382      592445320   9093.74
1260000         -109.2821704065    0.0000000000e+00    0.0000000000e+00        0.0000000000        5.8777e-06       77781606      592445320   9160.65
1270000         -109.2821704414    0.0000000000e+00    0.0000000000e+00        0.0000000000        4.7287e-06       78396602      592445320   9227.78
1280000         -109.2821704756    0.0000000000e+00    0.0000000000e+00        0.0000000000        5.3155e-06       79011442      592445321   9294.69
1290000         -109.2821705094    0.0000000000e+00    0.0000000000e+00        0.0000000000        5.6278e-06       79625976      592445322   9361.23
1300000         -109.2821705424    0.0000000000e+00    0.0000000000e+00        0.0000000000        4.9233e-06       80240997      592445322   9428.99
1310000         -109.2821705747    0.0000000000e+00    0.0000000000e+00        0.0000000000        4.4854e-06       80856011      592445323   9495.67
1320000         -109.2821706066    0.0000000000e+00    0.0000000000e+00        0.0000000000        4.9608e-06       81470736      592445324   9563.32
1330000         -109.2821706379    0.0000000000e+00    0.0000000000e+00        0.0000000000        4.5503e-06       82085116      592445324   9630.23
1340000         -109.2821706687    0.0000000000e+00    0.0000000000e+00        0.0000000000        4.3141e-06       82699131      592445324   9697.56
1350000         -109.2821706987    0.0000000000e+00    0.0000000000e+00        0.0000000000        5.0990e-06       83314208      592445324   9763.93
1360000         -109.2821707282    0.0000000000e+00    0.0000000000e+00        0.0000000000        4.2947e-06       83928604      592445324   9831.12
1370000         -109.2821707573    0.0000000000e+00    0.0000000000e+00        0.0000000000        4.2142e-06       84543025      592445324   9897.78
1380000         -109.2821707860    0.0000000000e+00    0.0000000000e+00        0.0000000000        4.1112e-06       85157306      592445324   9964.89
1390000         -109.2821708141    0.0000000000e+00    0.0000000000e+00        0.0000000000        3.7527e-06       85771820      592445324  10031.61
1400000         -109.2821708417    0.0000000000e+00    0.0000000000e+00        0.0000000000        5.0837e-06       86386163      592445324  10097.71
1410000         -109.2821708689    0.0000000000e+00    0.0000000000e+00        0.0000000000        4.7389e-06       87000355      592445324  10165.43
1420000         -109.2821708956    0.0000000000e+00    0.0000000000e+00        0.0000000000        4.3877e-06       87614851      592445324  10231.31
1430000         -109.2821709219    0.0000000000e+00    0.0000000000e+00        0.0000000000        3.5862e-06       88229142      592445324  10298.17
1440000         -109.2821709477    0.0000000000e+00    0.0000000000e+00        0.0000000000        4.9615e-06       88843496      592445324  10364.34
1450000         -109.2821709731    0.0000000000e+00    0.0000000000e+00        0.0000000000        4.1873e-06       89457636      592445324  10431.30
1460000         -109.2821709980    0.0000000000e+00    0.0000000000e+00        0.0000000000        3.8412e-06       90071941      592445324  10497.22
1470000         -109.2821710225    0.0000000000e+00    0.0000000000e+00        0.0000000000        4.4825e-06       90686429      592445324  10563.87
1480000         -109.2821710466    0.0000000000e+00    0.0000000000e+00        0.0000000000        3.6827e-06       91300343      592445324  10630.04
1490000         -109.2821710703    0.0000000000e+00    0.0000000000e+00        0.0000000000        4.3010e-06       91914352      592445324  10697.29
1500000         -109.2821710937    0.0000000000e+00    0.0000000000e+00        0.0000000000        4.6771e-06       92528259      592445324  10766.70
1510000         -109.2821711166    0.0000000000e+00    0.0000000000e+00        0.0000000000        3.9576e-06       93142304      592445324  10834.71
1520000         -109.2821711392    0.0000000000e+00    0.0000000000e+00        0.0000000000        3.9134e-06       93756165      592445324  10902.42
1530000         -109.2821711614    0.0000000000e+00    0.0000000000e+00        0.0000000000        5.1709e-06       94369966      592445324  10967.37
1540000         -109.2821711833    0.0000000000e+00    0.0000000000e+00        0.0000000000        4.2451e-06       94983662      592445324  11032.57
1550000         -109.2821712048    0.0000000000e+00    0.0000000000e+00        0.0000000000        3.5773e-06       95597847      592445324  11097.34
1560000         -109.2821712260    0.0000000000e+00    0.0000000000e+00        0.0000000000        4.2192e-06       96211857      592445324  11162.42
1570000         -109.2821712470    0.0000000000e+00    0.0000000000e+00        0.0000000000        4.5357e-06       96825591      592445324  11227.33
1580000         -109.2821712676    0.0000000000e+00    0.0000000000e+00        0.0000000000        3.6316e-06       97439031      592445324  11292.39
1590000         -109.2821712878    0.0000000000e+00    0.0000000000e+00        0.0000000000        3.8074e-06       98052726      592445324  11356.99
1600000         -109.2821713077    0.0000000000e+00    0.0000000000e+00        0.0000000000        4.0945e-06       98666167      592445324  11421.91
1610000         -109.2821713274    0.0000000000e+00    0.0000000000e+00        0.0000000000        3.6398e-06       99279325      592445324  11486.66
1620000         -109.2821713467    0.0000000000e+00    0.0000000000e+00        0.0000000000        3.5810e-06       99893318      592445324  11551.34
1630000         -109.2821713658    0.0000000000e+00    0.0000000000e+00        0.0000000000        3.4802e-06      100506797      592445324  11616.42
1640000         -109.2821713845    0.0000000000e+00    0.0000000000e+00        0.0000000000        3.2800e-06      101120401      592445324  11681.26
1650000         -109.2821714030    0.0000000000e+00    0.0000000000e+00        0.0000000000        4.5173e-06      101733888      592445324  11746.30
1660000         -109.2821714212    0.0000000000e+00    0.0000000000e+00        0.0000000000        3.9815e-06      102347430      592445324  11810.85
1670000         -109.2821714392    0.0000000000e+00    0.0000000000e+00        0.0000000000        3.6798e-06      102960726      592445324  11875.87
1680000         -109.2821714568    0.0000000000e+00    0.0000000000e+00        0.0000000000        4.3985e-06      103574272      592445324  11940.26
1690000         -109.2821714742    0.0000000000e+00    0.0000000000e+00        0.0000000000        3.0215e-06      104187606      592445324  12005.56
1700000         -109.2821714914    0.0000000000e+00    0.0000000000e+00        0.0000000000        3.5480e-06      104800950      592445324  12070.06
1710000         -109.2821715083    0.0000000000e+00    0.0000000000e+00        0.0000000000        3.0139e-06      105414531      592445324  12135.07
1720000         -109.2821715249    0.0000000000e+00    0.0000000000e+00        0.0000000000        3.7129e-06      106027931      592445324  12199.11
1730000         -109.2821715414    0.0000000000e+00    0.0000000000e+00        0.0000000000        3.8993e-06      106641372      592445324  12264.02
1740000         -109.2821715576    0.0000000000e+00    0.0000000000e+00        0.0000000000        3.8615e-06      107254867      592445324  12329.06
1750000         -109.2821715735    0.0000000000e+00    0.0000000000e+00        0.0000000000        3.7594e-06      107867740      592445324  12394.51
1760000         -109.2821715892    0.0000000000e+00    0.0000000000e+00        0.0000000000        3.8037e-06      108481096      592445324  12459.45
1770000         -109.2821716047    0.0000000000e+00    0.0000000000e+00        0.0000000000        3.4033e-06      109094227      592445324  12524.63
1780000         -109.2821716200    0.0000000000e+00    0.0000000000e+00        0.0000000000        3.2138e-06      109707219      592445324  12589.42
1790000         -109.2821716350    0.0000000000e+00    0.0000000000e+00        0.0000000000        3.1790e-06      110320337      592445324  12654.37
1800000         -109.2821716499    0.0000000000e+00    0.0000000000e+00        0.0000000000        2.5448e-06      110933080      592445324  12719.32
1810000         -109.2821716646    0.0000000000e+00    0.0000000000e+00        0.0000000000        3.3836e-06      111545707      592445324  12784.17
1820000         -109.2821716791    0.0000000000e+00    0.0000000000e+00        0.0000000000        3.7006e-06      112158847      592445324  12849.25
1830000         -109.2821716934    0.0000000000e+00    0.0000000000e+00        0.0000000000        2.8394e-06      112771911      592445324  12913.76
1840000         -109.2821717074    0.0000000000e+00    0.0000000000e+00        0.0000000000        3.5188e-06      113384661      592445324  12978.66
1850000         -109.2821717213    0.0000000000e+00    0.0000000000e+00        0.0000000000        3.8737e-06      113997454      592445324  13043.37
1860000         -109.2821717350    0.0000000000e+00    0.0000000000e+00        0.0000000000        2.9358e-06      114609746      592445324  13108.54
1870000         -109.2821717485    0.0000000000e+00    0.0000000000e+00        0.0000000000        2.9731e-06      115222400      592445324  13173.21
1880000         -109.2821717618    0.0000000000e+00    0.0000000000e+00        0.0000000000        3.4506e-06      115834872      592445324  13238.26
1890000         -109.2821717749    0.0000000000e+00    0.0000000000e+00        0.0000000000        3.3055e-06      116447303      592445324  13302.93
1900000         -109.2821717879    0.0000000000e+00    0.0000000000e+00        0.0000000000        2.7612e-06      117059935      592445324  13367.80
1910000         -109.2821718006    0.0000000000e+00    0.0000000000e+00        0.0000000000        3.3767e-06      117672842      592445324  13432.30
1920000         -109.2821718133    0.0000000000e+00    0.0000000000e+00        0.0000000000        2.6714e-06      118285294      592445324  13497.13
1930000         -109.2821718258    0.0000000000e+00    0.0000000000e+00        0.0000000000        2.9326e-06      118897552      592445324  13561.87
1940000         -109.2821718381    0.0000000000e+00    0.0000000000e+00        0.0000000000        3.1221e-06      119509562      592445324  13626.67
1950000         -109.2821718502    0.0000000000e+00    0.0000000000e+00        0.0000000000        3.4758e-06      120121864      592445324  13691.45
1960000         -109.2821718622    0.0000000000e+00    0.0000000000e+00        0.0000000000        3.2979e-06      120734317      592445324  13755.89
1970000         -109.2821718741    0.0000000000e+00    0.0000000000e+00        0.0000000000        3.4744e-06      121346421      592445324  13820.72
1980000         -109.2821718858    0.0000000000e+00    0.0000000000e+00        0.0000000000        2.9270e-06      121958845      592445324  13885.01
1990000         -109.2821718973    0.0000000000e+00    0.0000000000e+00        0.0000000000        2.2802e-06      122571098      592445324  13949.77
2000000         -109.2821719087    0.0000000000e+00    0.0000000000e+00        0.0000000000        2.9184e-06      123183123      592445324  14014.11
2010000         -109.2821719199    0.0000000000e+00    0.0000000000e+00        0.0000000000        3.3820e-06      123795237      592445324  14079.02
2020000         -109.2821719311    0.0000000000e+00    0.0000000000e+00        0.0000000000        3.1223e-06      124407092      592445324  14143.54
2030000         -109.2821719420    0.0000000000e+00    0.0000000000e+00        0.0000000000        2.7219e-06      125018960      592445324  14208.34
2040000         -109.2821719528    0.0000000000e+00    0.0000000000e+00        0.0000000000        2.7038e-06      125630370      592445324  14272.61
2050000         -109.2821719635    0.0000000000e+00    0.0000000000e+00        0.0000000000        2.4040e-06      126241985      592445324  14337.67
2060000         -109.2821719741    0.0000000000e+00    0.0000000000e+00        0.0000000000        2.6685e-06      126853743      592445324  14402.28
2070000         -109.2821719845    0.0000000000e+00    0.0000000000e+00        0.0000000000        2.3514e-06      127465632      592445324  14466.83
2080000         -109.2821719948    0.0000000000e+00    0.0000000000e+00        0.0000000000        2.8141e-06      128077305      592445324  14531.75
2090000         -109.2821720050    0.0000000000e+00    0.0000000000e+00        0.0000000000        2.7575e-06      128689151      592445324  14595.72
2100000         -109.2821720150    0.0000000000e+00    0.0000000000e+00        0.0000000000        2.7220e-06      129301057      592445324  14660.61
2110000         -109.2821720250    0.0000000000e+00    0.0000000000e+00        0.0000000000        3.0053e-06      129912431      592445324  14725.25
2120000         -109.2821720348    0.0000000000e+00    0.0000000000e+00        0.0000000000        2.3438e-06      130523932      592445324  14792.33
2130000         -109.2821720445    0.0000000000e+00    0.0000000000e+00        0.0000000000        1.9076e-06      131135458      592445324  14859.06
2140000         -109.2821720541    0.0000000000e+00    0.0000000000e+00        0.0000000000        2.5193e-06      131746958      592445324  14926.19
2150000         -109.2821720635    0.0000000000e+00    0.0000000000e+00        0.0000000000        2.1070e-06      132358515      592445324  14992.68
2160000         -109.2821720728    0.0000000000e+00    0.0000000000e+00        0.0000000000        2.2589e-06      132969901      592445324  15059.81
2170000         -109.2821720821    0.0000000000e+00    0.0000000000e+00        0.0000000000        2.6991e-06      133581652      592445324  15127.69
2180000         -109.2821720912    0.0000000000e+00    0.0000000000e+00        0.0000000000        2.7355e-06      134192685      592445324  15195.09
2190000         -109.2821721002    0.0000000000e+00    0.0000000000e+00        0.0000000000        2.5188e-06      134804044      592445324  15263.30
2200000         -109.2821721091    0.0000000000e+00    0.0000000000e+00        0.0000000000        2.5083e-06      135415205      592445324  15330.59
Final FCI Energy:          -109.2821721091382301
Iterations: 2200000
     Energy Estimate: 0.63 seconds
Wave Function Update: 12760.43 seconds
   Coordinate Update: 949.80 seconds
     Coordinate Pick: 1613.03 seconds
[Benchmark] IP/PT2+Olsen iterations=2200000
CDFCI calculation
-----------------
Reference determinant occupied spin-orbitals:
0  1  2  3  4  5  30  31  32  33  44  45  50  51  
Reference energy: -108.9493778784

Iteration                Energy                 PT2               Olsen               Ecorr                dx          |x|_0          |z|_0      Time
10000           -109.2813591760   -7.6983564107e-04   -3.3266866390e-05     -109.2821622785        9.5477e-04         625704      289428359     80.82
20000           -109.2817437947   -4.0412586007e-04   -1.8704162400e-05     -109.2821666247        5.1119e-04        1247663      409108340    159.92
30000           -109.2818843138   -2.7120154858e-04   -1.2939647837e-05     -109.2821684550        3.5721e-04        1867401      479745615    239.91
40000           -109.2819575711   -2.0213014598e-04   -9.7393777577e-06     -109.2821694406        2.7706e-04        2485666      522495757    319.30
50000           -109.2820025883   -1.5974960547e-04   -7.7881148081e-06     -109.2821701260        2.2058e-04        3103774      548593851    399.70
60000           -109.2820328942   -1.3125657625e-04   -6.4686689700e-06     -109.2821706195        1.9285e-04        3721788      564067450    481.43
70000           -109.2820546389   -1.1081951002e-04   -5.5232273112e-06     -109.2821709816        1.5521e-04        4339872      573420247    565.13
80000           -109.2820709388   -9.5521829412e-05   -4.8149353851e-06     -109.2821712756        1.2044e-04        4957941      579304958    645.84
90000           -109.2820836065   -8.3645289152e-05   -4.2555450593e-06     -109.2821715073        1.1439e-04        5575956      583111573    724.07
100000          -109.2820937341   -7.4138722425e-05   -3.8146570951e-06     -109.2821716875        1.0213e-04        6194303      585636894    802.32
110000          -109.2821019710   -6.6429862863e-05   -3.4479795726e-06     -109.2821718488        7.7693e-05        6812394      587329452    881.19
120000          -109.2821087936   -6.0031305363e-05   -3.1482855812e-06     -109.2821719732        8.3690e-05        7430846      588510954    960.60
130000          -109.2821145461   -5.4641238188e-05   -2.8971906172e-06     -109.2821720846        8.3565e-05        8049331      589353812   1038.88
140000          -109.2821194564   -5.0045762312e-05   -2.6781824459e-06     -109.2821721804        7.0509e-05        8667795      589984230   1119.37
150000          -109.2821236959   -4.6079992116e-05   -2.4858542336e-06     -109.2821722618        6.3587e-05        9285928      590459921   1198.56
160000          -109.2821273721   -4.2641515237e-05   -2.3191823777e-06     -109.2821723328        5.2859e-05        9904451      590818956   1278.05
170000          -109.2821306022   -3.9616380963e-05   -2.1738098197e-06     -109.2821723924        5.3745e-05       10522953      591098060   1359.12
180000          -109.2821334494   -3.6948828763e-05   -2.0456841876e-06     -109.2821724439        5.4372e-05       11141611      591311478   1439.56
190000          -109.2821359712   -3.4589608126e-05   -1.9296436337e-06     -109.2821724905        5.1856e-05       11760177      591476624   1521.94
200000          -109.2821382324   -3.2473961086e-05   -1.8262945619e-06     -109.2821725326        4.7199e-05       12378854      591602107   1603.39
210000          -109.2821402650   -3.0573907540e-05   -1.7313203910e-06     -109.2821725703        4.2576e-05       12997289      591700865   1687.77
220000          -109.2821421005   -2.8855916925e-05   -1.6467574774e-06     -109.2821726032        2.6851e-05       13615922      591776199   1774.12
230000          -109.2821437647   -2.7296833776e-05   -1.5694558156e-06     -109.2821726309        4.1103e-05       14234656      591838015   1861.16
240000          -109.2821452833   -2.5874068219e-05   -1.4996753040e-06     -109.2821726571        3.2672e-05       14853549      591891357   1943.64
250000          -109.2821466725   -2.4574519802e-05   -1.4345450685e-06     -109.2821726816        3.1994e-05       15472112      591938735   2028.94
260000          -109.2821479461   -2.3385600045e-05   -1.3727835918e-06     -109.2821727045        3.2708e-05       16090296      591982563   2115.16
270000          -109.2821491139   -2.2292894280e-05   -1.3164186499e-06     -109.2821727232        3.1664e-05       16708541      592023133   2201.14
280000          -109.2821501941   -2.1283867222e-05   -1.2639460674e-06     -109.2821727419        2.9509e-05       17326714      592060032   2288.59
290000          -109.2821511959   -2.0347747538e-05   -1.2158533934e-06     -109.2821727595        3.1417e-05       17945115      592093350   2375.02
300000          -109.2821521236   -1.9480425469e-05   -1.1702282643e-06     -109.2821727743        2.9103e-05       18563261      592123821   2461.28
310000          -109.2821529882   -1.8672611037e-05   -1.1274521625e-06     -109.2821727883        3.2624e-05       19181243      592152231   2546.98
320000          -109.2821537937   -1.7920453831e-05   -1.0876509672e-06     -109.2821728018        2.4285e-05       19799384      592177745   2633.99
330000          -109.2821545477   -1.7217616841e-05   -1.0497603883e-06     -109.2821728151        2.7119e-05       20417404      592200899   2720.33
340000          -109.2821552515   -1.6558203176e-05   -1.0158348420e-06     -109.2821728255        2.2009e-05       21036039      592222440   2806.34
350000          -109.2821559128   -1.5940084755e-05   -9.8284928965e-07     -109.2821728357        2.4653e-05       21654021      592242504   2893.22
360000          -109.2821565325   -1.5360599168e-05   -9.5198657068e-07     -109.2821728451        2.2165e-05       22272287      592260588   2979.71
370000          -109.2821571188   -1.4813304500e-05   -9.2233659307e-07     -109.2821728544        2.4120e-05       22890236      592276785   3066.35
380000          -109.2821576691   -1.4298319063e-05   -8.9511370380e-07     -109.2821728625        2.4692e-05       23508765      592291877   3152.77
390000          -109.2821581896   -1.3811769556e-05   -8.6889218709e-07     -109.2821728703        2.1772e-05       24126749      592305230   3239.85
400000          -109.2821586802   -1.3353622465e-05   -8.4384727653e-07     -109.2821728777        1.7802e-05       24744836      592317847   3326.61
410000          -109.2821591451   -1.2918512800e-05   -8.2069728581e-07     -109.2821728843        1.8300e-05       25363246      592329366   3413.48
420000          -109.2821595852   -1.2506516605e-05   -7.9850205109e-07     -109.2821728902        1.9828e-05       25981635      592339925   3500.25
430000          -109.2821600046   -1.2114540359e-05   -7.7702329229e-07     -109.2821728962        1.6506e-05       26599722      592350162   3587.36
440000          -109.2821604021   -1.1743126213e-05   -7.5646254775e-07     -109.2821729017        1.8061e-05       27217606      592358954   3675.32
450000          -109.2821607796   -1.1389953133e-05   -7.3727751752e-07     -109.2821729068        1.7789e-05       27835869      592366764   3760.82
460000          -109.2821611400   -1.1053231468e-05   -7.1874417912e-07     -109.2821729120        1.8710e-05       28453847      592373864   3850.98
470000          -109.2821614817   -1.0733770482e-05   -7.0110161695e-07     -109.2821729166        1.4676e-05       29071857      592380159   3940.77
480000          -109.2821618094   -1.0427576640e-05   -6.8415899045e-07     -109.2821729211        1.7520e-05       29689854      592386031   4028.49
490000          -109.2821621219   -1.0135371653e-05   -6.6789612201e-07     -109.2821729252        1.7069e-05       30307794      592391708   4116.21
500000          -109.2821624209   -9.8562324787e-06   -6.5201240330e-07     -109.2821729292        1.5276e-05       30925363      592396801   4205.71
510000          -109.2821627071   -9.5887819114e-06   -6.3707142767e-07     -109.2821729329        1.6439e-05       31543226      592401360   4296.72
520000          -109.2821629810   -9.3333299968e-06   -6.2253080493e-07     -109.2821729368        1.4766e-05       32160858      592405399   4384.74
530000          -109.2821632430   -9.0889814908e-06   -6.0848215825e-07     -109.2821729405        1.3485e-05       32778476      592409017   4471.74
540000          -109.2821634947   -8.8533378787e-06   -5.9547101691e-07     -109.2821729435        1.2287e-05       33396660      592412436   4560.64
550000          -109.2821637356   -8.6285963127e-06   -5.8261667530e-07     -109.2821729468        1.1223e-05       34014344      592415524   4650.10
560000          -109.2821639673   -8.4121711157e-06   -5.7034721160e-07     -109.2821729499        1.2220e-05       34632216      592418336   4737.71
570000          -109.2821641897   -8.2048963634e-06   -5.5833118100e-07     -109.2821729530        1.3156e-05       35249731      592420981   4826.49
580000          -109.2821644034   -8.0049938580e-06   -5.4706292580e-07     -109.2821729555        1.2946e-05       35867696      592423460   4915.98
590000          -109.2821646092   -7.8132932307e-06   -5.3587728313e-07     -109.2821729584        1.4105e-05       36485070      592425596   5004.84
600000          -109.2821648075   -7.6280516108e-06   -5.2515125194e-07     -109.2821729607        1.0617e-05       37102594      592427744   5093.19
610000          -109.2821649982   -7.4498033353e-06   -5.1492187501e-07     -109.2821729630        1.2166e-05       37720336      592429535   5182.34
620000          -109.2821651820   -7.2783963689e-06   -5.0485399009e-07     -109.2821729652        1.0882e-05       38337760      592431087   5271.78
630000          -109.2821653593   -7.1129132140e-06   -4.9517882316e-07     -109.2821729674        1.1116e-05       38955330      592432500   5361.20
640000          -109.2821655310   -6.9528607710e-06   -4.8586552010e-07     -109.2821729697        1.3194e-05       39572809      592433773   5449.95
650000          -109.2821656961   -6.7985190042e-06   -4.7697896062e-07     -109.2821729716        1.4440e-05       40190459      592434879   5539.53
660000          -109.2821658565   -6.6489585018e-06   -4.6803288053e-07     -109.2821729735        1.2599e-05       40807485      592435984   5628.02
670000          -109.2821660109   -6.5049775974e-06   -4.5955709044e-07     -109.2821729755        1.1108e-05       41424819      592437041   5717.49
680000          -109.2821661601   -6.3655128616e-06   -4.5152335201e-07     -109.2821729771        1.1792e-05       42042493      592437867   5806.44
690000          -109.2821663043   -6.2308790197e-06   -4.4361807661e-07     -109.2821729788        9.2054e-06       42659948      592438675   5895.47
700000          -109.2821664441   -6.1004912800e-06   -4.3588272382e-07     -109.2821729805        1.1616e-05       43277111      592439420   5985.11
710000          -109.2821665790   -5.9743768358e-06   -4.2856434385e-07     -109.2821729819        1.0494e-05       43894740      592440061   6074.44
720000          -109.2821667102   -5.8520027003e-06   -4.2132555107e-07     -109.2821729835        1.1230e-05       44511982      592440685   6164.41
730000          -109.2821668373   -5.7334779508e-06   -4.1418532627e-07     -109.2821729850        9.1185e-06       45128971      592441208   6254.37
740000          -109.2821669606   -5.6188405771e-06   -4.0714566835e-07     -109.2821729866        8.4578e-06       45745723      592441697   6343.84
750000          -109.2821670801   -5.5074139109e-06   -4.0034279588e-07     -109.2821729879        9.8624e-06       46362371      592442075   6432.63
760000          -109.2821671955   -5.3995267573e-06   -3.9404531368e-07     -109.2821729891        9.4163e-06       46979967      592442442   6522.84
770000          -109.2821673083   -5.2947611800e-06   -3.8755299035e-07     -109.2821729906        7.7729e-06       47596538      592442719   6612.09
780000          -109.2821674175   -5.1927996010e-06   -3.8142029652e-07     -109.2821729917        1.0629e-05       48213554      592443019   6700.87
790000          -109.2821675233   -5.0942699421e-06   -3.7544212448e-07     -109.2821729931        7.2533e-06       48830561      592443331   6790.26
800000          -109.2821676263   -4.9982782263e-06   -3.6956427279e-07     -109.2821729941        7.9031e-06       49447461      592443649   6880.24
810000          -109.2821677263   -4.9052071491e-06   -3.6381760165e-07     -109.2821729953        9.4207e-06       50064204      592443902   6970.74
820000          -109.2821678235   -4.8144539578e-06   -3.5830653463e-07     -109.2821729963        8.5838e-06       50681280      592444113   7061.01
830000          -109.2821679184   -4.7260773286e-06   -3.5283832630e-07     -109.2821729974        1.0082e-05       51297875      592444324   7148.99
840000          -109.2821680105   -4.6402947161e-06   -3.4759271783e-07     -109.2821729984        7.7647e-06       51914700      592444485   7237.93
850000          -109.2821681002   -4.5567508775e-06   -3.4246092174e-07     -109.2821729994        9.9740e-06       52531520      592444632   7327.85
860000          -109.2821681875   -4.4753693502e-06   -3.3746714270e-07     -109.2821730003        8.9669e-06       53148283      592444750   7417.71
870000          -109.2821682723   -4.3963890945e-06   -3.3264973332e-07     -109.2821730013        9.2322e-06       53765171      592444867   7508.78
880000          -109.2821683549   -4.3194953039e-06   -3.2786465029e-07     -109.2821730023        9.3186e-06       54381846      592444984   7596.99
890000          -109.2821684355   -4.2444959246e-06   -3.2314752033e-07     -109.2821730032        6.6996e-06       54998267      592445072   7684.66
900000          -109.2821685139   -4.1714665203e-06   -3.1861246368e-07     -109.2821730040        8.6321e-06       55614947      592445138   7772.33
910000          -109.2821685905   -4.1001245907e-06   -3.1414574200e-07     -109.2821730048        6.0627e-06       56231284      592445201   7860.22
920000          -109.2821686652   -4.0306544294e-06   -3.0980545526e-07     -109.2821730057        7.0360e-06       56847829      592445267   7949.08
930000          -109.2821687381   -3.9628259774e-06   -3.0553036558e-07     -109.2821730064        7.2060e-06       57464224      592445356   8037.10
940000          -109.2821688092   -3.8967990677e-06   -3.0131144785e-07     -109.2821730073        8.2532e-06       58080287      592445412   8124.59
950000          -109.2821688785   -3.8323481980e-06   -2.9720695980e-07     -109.2821730081        6.0227e-06       58696308      592445466   8213.51
960000          -109.2821689461   -3.7695082103e-06   -2.9324873403e-07     -109.2821730088        6.1712e-06       59312617      592445534   8302.28
970000          -109.2821690121   -3.7080246748e-06   -2.8934181537e-07     -109.2821730095        6.5333e-06       59928725      592445603   8390.17
980000          -109.2821690765   -3.6481701810e-06   -2.8556470435e-07     -109.2821730102        7.6614e-06       60545042      592445657   8477.33
990000          -109.2821691395   -3.5896425095e-06   -2.8179435159e-07     -109.2821730110        6.0923e-06       61160999      592445695   8565.97
1000000         -109.2821692008   -3.5326197328e-06   -2.7816967564e-07     -109.2821730116        4.7126e-06       61777099      592445725   8654.29
1010000         -109.2821692609   -3.4768352156e-06   -2.7456069241e-07     -109.2821730123        7.1902e-06       62392972      592445762   8742.48
1020000         -109.2821693194   -3.4223678216e-06   -2.7110563236e-07     -109.2821730129        7.0176e-06       63009202      592445787   8830.86
1030000         -109.2821693766   -3.3691636405e-06   -2.6766891533e-07     -109.2821730134        6.2625e-06       63625084      592445814   8920.06
1040000         -109.2821694326   -3.3172191575e-06   -2.6431973352e-07     -109.2821730142        7.1802e-06       64240951      592445839   9007.93
1050000         -109.2821694874   -3.2662263433e-06   -2.6108050400e-07     -109.2821730147        6.6735e-06       64857112      592445865   9096.07
1060000         -109.2821695409   -3.2165313763e-06   -2.5785190466e-07     -109.2821730153        6.5665e-06       65472920      592445895   9185.45
1070000         -109.2821695933   -3.1678019934e-06   -2.5467666361e-07     -109.2821730158        6.8413e-06       66088609      592445903   9273.89
1080000         -109.2821696446   -3.1202498656e-06   -2.5156599836e-07     -109.2821730165        6.0994e-06       66704351      592445911   9361.59
1090000         -109.2821696947   -3.0736418821e-06   -2.4860165891e-07     -109.2821730170        6.9579e-06       67320476      592445919   9450.00
1100000         -109.2821697439   -3.0279985470e-06   -2.4561475562e-07     -109.2821730175        5.1936e-06       67936081      592445927   9539.27
1110000         -109.2821697919   -2.9834787199e-06   -2.4269749489e-07     -109.2821730181        6.0077e-06       68551792      592445941   9627.02
1120000         -109.2821698390   -2.9397632838e-06   -2.3982837507e-07     -109.2821730186        5.5421e-06       69167454      592445960   9711.30
1130000         -109.2821698851   -2.8969646084e-06   -2.3703147079e-07     -109.2821730191        5.2473e-06       69783053      592445969   9794.35
1140000         -109.2821699301   -2.8551310543e-06   -2.3428606155e-07     -109.2821730195        4.6687e-06       70398726      592445994   9878.34
1150000         -109.2821699743   -2.8141070565e-06   -2.3155472724e-07     -109.2821730200        5.6932e-06       71014038      592446003   9963.37
1160000         -109.2821700177   -2.7739101894e-06   -2.2887236516e-07     -109.2821730205        6.8455e-06       71629427      592446007  10045.25
1170000         -109.2821700600   -2.7346384299e-06   -2.2627587938e-07     -109.2821730210        5.1696e-06       72244869      592446008  10128.45
1180000         -109.2821701016   -2.6960683501e-06   -2.2372724136e-07     -109.2821730214        5.8010e-06       72860152      592446011  10212.61
1190000         -109.2821701424   -2.6582597117e-06   -2.2120443866e-07     -109.2821730218        5.7676e-06       73475503      592446014  10293.76
1200000         -109.2821701824   -2.6212358680e-06   -2.1871459954e-07     -109.2821730223        4.6468e-06       74090589      592446014  10376.53
1210000         -109.2821702215   -2.5848910083e-06   -2.1628766123e-07     -109.2821730227        5.8682e-06       74705851      592446016  10461.77
1220000         -109.2821702599   -2.5493276565e-06   -2.1388116830e-07     -109.2821730231        4.8868e-06       75320819      592446023  10546.89
1230000         -109.2821702977   -2.5143734802e-06   -2.1151468386e-07     -109.2821730236        5.9709e-06       75935856      592446033  10630.73
1240000         -109.2821703347   -2.4800998795e-06   -2.0920190050e-07     -109.2821730240        6.2784e-06       76550895      592446034  10715.22
1250000         -109.2821703709   -2.4465046255e-06   -2.0694527743e-07     -109.2821730243        5.6263e-06       77166099      592446034  10801.47
1260000         -109.2821704065   -2.4135339215e-06   -2.0476380401e-07     -109.2821730248        5.6221e-06       77781479      592446034  10886.39
1270000         -109.2821704415   -2.3811368687e-06   -2.0252305584e-07     -109.2821730252        4.3347e-06       78396074      592446034  10969.52
1280000         -109.2821704758   -2.3494289291e-06   -2.0035818517e-07     -109.2821730255        5.1107e-06       79010892      592446034  11052.40
1290000         -109.2821705094   -2.3182872660e-06   -1.9821771194e-07     -109.2821730259        4.7054e-06       79625529      592446036  11133.52
1300000         -109.2821705424   -2.2877610181e-06   -1.9612685857e-07     -109.2821730263        5.2319e-06       80240241      592446036  11213.77
1310000         -109.2821705749   -2.2577163192e-06   -1.9406696506e-07     -109.2821730267        4.6550e-06       80854953      592446036  11292.78
1320000         -109.2821706066   -2.2283283710e-06   -1.9207183648e-07     -109.2821730270        4.8705e-06       81469907      592446038  11374.08
1330000         -109.2821706379   -2.1993596447e-06   -1.9007152104e-07     -109.2821730273        4.7812e-06       82084418      592446038  11455.70
1340000         -109.2821706686   -2.1708996997e-06   -1.8812113627e-07     -109.2821730277        4.8520e-06       82699074      592446038  11536.81
1350000         -109.2821706987   -2.1430955922e-06   -1.8619309791e-07     -109.2821730280        4.3450e-06       83313634      592446038  11618.16
1360000         -109.2821707284   -2.1156686469e-06   -1.8429497412e-07     -109.2821730283        4.1805e-06       83928187      592446038  11699.52
1370000         -109.2821707574   -2.0888480567e-06   -1.8245528918e-07     -109.2821730287        4.9314e-06       84543011      592446038  11781.32
1380000         -109.2821707860   -2.0624040197e-06   -1.8065249287e-07     -109.2821730290        4.6427e-06       85157876      592446038  11863.03
1390000         -109.2821708140   -2.0364594036e-06   -1.7883803488e-07     -109.2821730293        5.1623e-06       85772273      592446038  11944.26
1400000         -109.2821708418   -2.0108431212e-06   -1.7703178262e-07     -109.2821730297        2.7977e-06       86386346      592446038  12025.60
1410000         -109.2821708689   -1.9857731632e-06   -1.7528546714e-07     -109.2821730300        3.9486e-06       87000715      592446038  12107.16
1420000         -109.2821708957   -1.9610861835e-06   -1.7354670523e-07     -109.2821730303        5.8301e-06       87614883      592446038  12187.70
1430000         -109.2821709219   -1.9368076088e-06   -1.7189135242e-07     -109.2821730306        4.4936e-06       88229675      592446038  12269.29
1440000         -109.2821709476   -1.9130176183e-06   -1.7023704651e-07     -109.2821730309        4.5371e-06       88844080      592446038  12349.60
1450000         -109.2821709731   -1.8895214936e-06   -1.6858050133e-07     -109.2821730312        4.2826e-06       89458169      592446038  12430.63
1460000         -109.2821709980   -1.8664814480e-06   -1.6698304400e-07     -109.2821730315        4.0287e-06       90072625      592446038  12510.74
1470000         -109.2821710225   -1.8438782355e-06   -1.6539447461e-07     -109.2821730318        3.8106e-06       90686883      592446038  12590.77
1480000         -109.2821710466   -1.8216187340e-06   -1.6381383088e-07     -109.2821730320        3.9508e-06       91300923      592446038  12671.80
1490000         -109.2821710704   -1.7996357422e-06   -1.6228313389e-07     -109.2821730323        4.0109e-06       91915164      592446038  12752.33
1500000         -109.2821710937   -1.7782059481e-06   -1.6075075629e-07     -109.2821730326        3.7764e-06       92528945      592446038  12831.37
1510000         -109.2821711166   -1.7570322409e-06   -1.5926144803e-07     -109.2821730329        4.1427e-06       93143165      592446038  12911.55
1520000         -109.2821711392   -1.7361508556e-06   -1.5776227981e-07     -109.2821730332        3.9180e-06       93756923      592446038  12991.79
1530000         -109.2821711614   -1.7156739665e-06   -1.5631661922e-07     -109.2821730334        4.4452e-06       94370988      592446038  13072.03
1540000         -109.2821711833   -1.6955216251e-06   -1.5485694194e-07     -109.2821730337        3.6565e-06       94984621      592446038  13151.65
1550000         -109.2821712049   -1.6756541044e-06   -1.5345178265e-07     -109.2821730340        3.3092e-06       95598774      592446038  13232.68
1560000         -109.2821712261   -1.6560614876e-06   -1.5206383338e-07     -109.2821730342        3.8503e-06       96212836      592446038  13314.35
1570000         -109.2821712470   -1.6367904256e-06   -1.5068335198e-07     -109.2821730345        4.3837e-06       96826532      592446038  13395.60
1580000         -109.2821712675   -1.6178421062e-06   -1.4933156591e-07     -109.2821730347        3.6394e-06       97440329      592446038  13477.36
1590000         -109.2821712878   -1.5992206978e-06   -1.4795527680e-07     -109.2821730350        4.2825e-06       98053367      592446038  13558.50
1600000         -109.2821713077   -1.5808779146e-06   -1.4666617400e-07     -109.2821730352        4.2358e-06       98667509      592446038  13639.78
1610000         -109.2821713273   -1.5627528234e-06   -1.4536709413e-07     -109.2821730355        3.2207e-06       99281113      592446038  13721.45
1620000         -109.2821713466   -1.5449970976e-06   -1.4408397012e-07     -109.2821730357        3.1299e-06       99894612      592446038  13802.80
1630000         -109.2821713657   -1.5274162689e-06   -1.4280637303e-07     -109.2821730360        3.9767e-06      100507900      592446038  13884.80
1640000         -109.2821713845   -1.5101829506e-06   -1.4152991719e-07     -109.2821730362        3.3889e-06      101120952      592446038  13966.32
1650000         -109.2821714030   -1.4931309184e-06   -1.4031531249e-07     -109.2821730365        2.6834e-06      101734844      592446038  14045.63
1660000         -109.2821714212   -1.4763572749e-06   -1.3909410827e-07     -109.2821730367        3.2967e-06      102348102      592446038  14127.40
1670000         -109.2821714391   -1.4598793521e-06   -1.3789047355e-07     -109.2821730369        3.0971e-06      102961415      592446038  14208.61
1680000         -109.2821714568   -1.4436433953e-06   -1.3670139417e-07     -109.2821730371        3.4113e-06      103574793      592446038  14290.61
1690000         -109.2821714742   -1.4276199979e-06   -1.3553223989e-07     -109.2821730374        3.5635e-06      104188162      592446038  14372.67
1700000         -109.2821714914   -1.4118068315e-06   -1.3438642835e-07     -109.2821730376        3.5978e-06      104801692      592446038  14454.24
1710000         -109.2821715083   -1.3962348858e-06   -1.3325430492e-07     -109.2821730378        4.3153e-06      105415046      592446038  14536.43
1720000         -109.2821715250   -1.3809017410e-06   -1.3215048701e-07     -109.2821730380        3.1610e-06      106028701      592446038  14618.34
1730000         -109.2821715414   -1.3657885017e-06   -1.3103057284e-07     -109.2821730382        3.5308e-06      106641565      592446038  14700.66
1740000         -109.2821715576   -1.3509333898e-06   -1.2993736461e-07     -109.2821730385        3.7564e-06      107254833      592446038  14783.33
1750000         -109.2821715736   -1.3362659495e-06   -1.2885003260e-07     -109.2821730387        3.8696e-06      107867836      592446038  14867.81
1760000         -109.2821715893   -1.3218442288e-06   -1.2778892430e-07     -109.2821730389        3.6797e-06      108481063      592446038  14947.28
1770000         -109.2821716047   -1.3076349025e-06   -1.2674621798e-07     -109.2821730391        3.2608e-06      109094237      592446038  15028.10
1780000         -109.2821716201   -1.2935772575e-06   -1.2570099578e-07     -109.2821730393        3.8361e-06      109707149      592446038  15109.08
1790000         -109.2821716351   -1.2797633246e-06   -1.2468572273e-07     -109.2821730395        3.0134e-06      110320307      592446038  15190.06
1800000         -109.2821716499   -1.2661256845e-06   -1.2366976833e-07     -109.2821730397        4.0055e-06      110933035      592446038  15270.95
1810000         -109.2821716646   -1.2526321363e-06   -1.2267810534e-07     -109.2821730399        2.4206e-06      111545920      592446038  15352.19
1820000         -109.2821716791   -1.2393742066e-06   -1.2169609692e-07     -109.2821730401        2.8024e-06      112158877      592446038  15433.10
1830000         -109.2821716934   -1.2262382197e-06   -1.2072201246e-07     -109.2821730403        3.4288e-06      112771588      592446038  15514.08
1840000         -109.2821717074   -1.2133546301e-06   -1.1975449103e-07     -109.2821730406        3.1764e-06      113384211      592446038  15594.85
1850000         -109.2821717213   -1.2006277145e-06   -1.1880824635e-07     -109.2821730408        3.4922e-06      113997044      592446038  15675.82
1860000         -109.2821717350   -1.1880950221e-06   -1.1788201944e-07     -109.2821730410        3.0934e-06      114609921      592446038  15756.54
1870000         -109.2821717485   -1.1757319252e-06   -1.1696026173e-07     -109.2821730411        2.3850e-06      115222769      592446038  15836.37
1880000         -109.2821717618   -1.1635235779e-06   -1.1605124844e-07     -109.2821730413        2.7625e-06      115835441      592446038  15917.32
1890000         -109.2821717749   -1.1514710189e-06   -1.1515475641e-07     -109.2821730415        2.7122e-06      116448129      592446038  15998.15
1900000         -109.2821717879   -1.1395899613e-06   -1.1426793216e-07     -109.2821730417        3.3116e-06      117060838      592446038  16079.07
1910000         -109.2821718007   -1.1278852665e-06   -1.1336432131e-07     -109.2821730419        3.3000e-06      117672787      592446038  16160.33
1920000         -109.2821718133   -1.1162815104e-06   -1.1250821839e-07     -109.2821730421        3.2897e-06      118285572      592446038  16241.09
1930000         -109.2821718258   -1.1048767657e-06   -1.1164362298e-07     -109.2821730423        3.1424e-06      118898060      592446038  16322.14
1940000         -109.2821718381   -1.0936167970e-06   -1.1077880439e-07     -109.2821730425        3.0295e-06      119510122      592446038  16403.16
1950000         -109.2821718502   -1.0825100897e-06   -1.0994158932e-07     -109.2821730427        2.9618e-06      120122584      592446038  16484.02
1960000         -109.2821718622   -1.0715287753e-06   -1.0910883104e-07     -109.2821730428        2.8895e-06      120734869      592446038  16565.33
1970000         -109.2821718741   -1.0606676414e-06   -1.0828381066e-07     -109.2821730430        2.1979e-06      121347218      592446038  16646.45
1980000         -109.2821718858   -1.0499725083e-06   -1.0747747810e-07     -109.2821730432        2.4547e-06      121959579      592446038  16726.70
1990000         -109.2821718973   -1.0394465291e-06   -1.0666476461e-07     -109.2821730434        1.9620e-06      122571507      592446038  16807.88
2000000         -109.2821719087   -1.0290333002e-06   -1.0586282687e-07     -109.2821730436        2.8922e-06      123183415      592446038  16889.02
2010000         -109.2821719200   -1.0187235541e-06   -1.0508417963e-07     -109.2821730438        2.3572e-06      123795877      592446038  16970.39
2020000         -109.2821719311   -1.0085788762e-06   -1.0429321188e-07     -109.2821730439        2.9612e-06      124407605      592446038  17051.61
2030000         -109.2821719420   -9.9857473523e-07   -1.0353150415e-07     -109.2821730441        2.1666e-06      125019805      592446038  17132.75
2040000         -109.2821719528   -9.8871804190e-07   -1.0275376790e-07     -109.2821730443        2.8918e-06      125631203      592446038  17213.92
2050000         -109.2821719635   -9.7895555716e-07   -1.0199929956e-07     -109.2821730445        2.5494e-06      126243046      592446038  17295.19
2060000         -109.2821719741   -9.6932053551e-07   -1.0124987428e-07     -109.2821730446        3.2835e-06      126854816      592446038  17376.89
2070000         -109.2821719845   -9.5981438550e-07   -1.0051427174e-07     -109.2821730448        2.3823e-06      127466589      592446038  17458.72
2080000         -109.2821719948   -9.5039989350e-07   -9.9786647230e-08     -109.2821730450        1.9061e-06      128078315      592446038  17538.11
2090000         -109.2821720050   -9.4110716122e-07   -9.9076574357e-08     -109.2821730452        2.5734e-06      128690326      592446038  17616.63
2100000         -109.2821720150   -9.3194088978e-07   -9.8369972062e-08     -109.2821730453        2.8424e-06      129302171      592446038  17696.26
2110000         -109.2821720250   -9.2286884762e-07   -9.7660194220e-08     -109.2821730455        2.5830e-06      129913652      592446038  17775.90
2120000         -109.2821720348   -9.1391661049e-07   -9.6962860148e-08     -109.2821730456        2.8732e-06      130525196      592446038  17855.53
2130000         -109.2821720444   -9.0510802035e-07   -9.6277498619e-08     -109.2821730458        2.5088e-06      131136786      592446038  17935.23
2140000         -109.2821720540   -8.9636998436e-07   -9.5579108474e-08     -109.2821730460        2.1630e-06      131747680      592446038  18014.99
2150000         -109.2821720635   -8.8776497121e-07   -9.4911483131e-08     -109.2821730462        2.8729e-06      132359317      592446038  18094.72
2160000         -109.2821720728   -8.7926096496e-07   -9.4242470574e-08     -109.2821730463        2.4012e-06      132970691      592446038  18174.31
2170000         -109.2821720821   -8.7085060425e-07   -9.3577798587e-08     -109.2821730465        2.4610e-06      133581865      592446038  18254.07
2180000         -109.2821720912   -8.6253290679e-07   -9.2940479316e-08     -109.2821730466        1.7196e-06      134193753      592446038  18333.88
2190000         -109.2821721002   -8.5432735554e-07   -9.2288776744e-08     -109.2821730468        2.4772e-06      134804811      592446038  18414.96
2200000         -109.2821721091   -8.4621273656e-07   -9.1638722402e-08     -109.2821730470        1.8709e-06      135415664      592446038  18493.83
Final FCI Energy:          -109.2821721091274156
Iterations: 2200000
     Energy Estimate: 0.59 seconds
Wave Function Update: 15301.92 seconds
   Coordinate Update: 948.48 seconds
     Coordinate Pick: 2082.92 seconds
Saved benchmark: /home/yjzhang/codes/cdfci/perturbation/CDFCI/experiment_results/energy_correction/1007784/n2_ccpvdz/05_large_scale_with_timings.json
Warning: FCIDUMP optional parameter stoi Use default value empty vector.

[Benchmark] raw CDFCI iterations=200
CDFCI calculation
-----------------
Reference determinant occupied spin-orbitals:
0  1  2  3  4  5  30  31  32  33  44  45  50  51  
Reference energy: -108.9493778784

Iteration                Energy                 PT2               Olsen               Ecorr                dx          |x|_0          |z|_0      Time
200             -109.2693692027    0.0000000000e+00    0.0000000000e+00        0.0000000000        2.4080e-02          12418       16726599      1.74
Final FCI Energy:          -109.2693692027027481
Iterations: 200
     Energy Estimate: 0.00 seconds
Wave Function Update: 1.40 seconds
   Coordinate Update: 0.09 seconds
     Coordinate Pick: 0.25 seconds
[Benchmark] IP/PT2 iterations=2200000
CDFCI calculation
-----------------
Reference determinant occupied spin-orbitals:
0  1  2  3  4  5  30  31  32  33  44  45  50  51  
Reference energy: -108.9493778784

Iteration                Energy                 PT2               Olsen               Ecorr                dx          |x|_0          |z|_0      Time
10000           -109.2813591760   -7.6983564036e-04    0.0000000000e+00     -109.2821290116        9.5477e-04         625704      289428359     76.61
20000           -109.2817437893   -4.0415113650e-04    0.0000000000e+00     -109.2821479404        5.2120e-04        1247662      409105623    150.73
30000           -109.2818843328   -2.7110873173e-04    0.0000000000e+00     -109.2821554416        3.1979e-04        1867444      479774657    224.35
40000           -109.2819575763   -2.0212821515e-04    0.0000000000e+00     -109.2821597045        2.0380e-04        2485651      522490118    297.53
50000           -109.2820025979   -1.5974336259e-04    0.0000000000e+00     -109.2821623413        1.8760e-04        3103759      548600754    370.22
60000           -109.2820328967   -1.3126038941e-04    0.0000000000e+00     -109.2821641571        1.8182e-04        3721721      564066048    442.37
70000           -109.2820546398   -1.1079676798e-04    0.0000000000e+00     -109.2821654365        1.3562e-04        4340019      573423781    514.71
80000           -109.2820709410   -9.5518248034e-05    0.0000000000e+00     -109.2821664592        1.2409e-04        4957977      579305244    586.70
90000           -109.2820836044   -8.3655084980e-05    0.0000000000e+00     -109.2821672595        1.2379e-04        5575809      583107512    658.69
100000          -109.2820937324   -7.4141552295e-05    0.0000000000e+00     -109.2821678739        1.0525e-04        6194256      585633543    730.64
110000          -109.2821019699   -6.6427529472e-05    0.0000000000e+00     -109.2821683974        8.0354e-05        6812359      587326396    801.68
120000          -109.2821087943   -6.0037112974e-05    0.0000000000e+00     -109.2821688315        7.7593e-05        7430781      588509394    870.57
130000          -109.2821145493   -5.4643781273e-05    0.0000000000e+00     -109.2821691931        7.3321e-05        8049216      589351744    939.39
140000          -109.2821194579   -5.0043134776e-05    0.0000000000e+00     -109.2821695011        6.7059e-05        8667708      589982591   1008.18
150000          -109.2821236952   -4.6082693839e-05    0.0000000000e+00     -109.2821697779        5.9789e-05        9285859      590458109   1076.98
160000          -109.2821273730   -4.2640675115e-05    0.0000000000e+00     -109.2821700137        5.5908e-05        9904402      590816330   1145.74
170000          -109.2821306046   -3.9614634610e-05    0.0000000000e+00     -109.2821702193        5.3712e-05       10522858      591096237   1214.28
180000          -109.2821334476   -3.6950124960e-05    0.0000000000e+00     -109.2821703977        5.3525e-05       11141672      591309237   1283.01
190000          -109.2821359730   -3.4591586913e-05    0.0000000000e+00     -109.2821705646        5.2583e-05       11759934      591474578   1351.64
200000          -109.2821382339   -3.2475312329e-05    0.0000000000e+00     -109.2821707093        3.9819e-05       12378622      591600172   1420.13
210000          -109.2821402638   -3.0573315746e-05    0.0000000000e+00     -109.2821708371        3.9495e-05       12997327      591698793   1488.81
220000          -109.2821421013   -2.8855362904e-05    0.0000000000e+00     -109.2821709567        3.9515e-05       13615861      591774358   1557.32
230000          -109.2821437651   -2.7298148847e-05    0.0000000000e+00     -109.2821710632        3.9274e-05       14234577      591836076   1625.62
240000          -109.2821452847   -2.5874488347e-05    0.0000000000e+00     -109.2821711592        4.3541e-05       14853343      591889500   1695.14
250000          -109.2821466723   -2.4574166237e-05    0.0000000000e+00     -109.2821712465        3.9239e-05       15472196      591936692   1765.59
260000          -109.2821479460   -2.3386399245e-05    0.0000000000e+00     -109.2821713324        3.8329e-05       16090111      591980517   1836.02
270000          -109.2821491143   -2.2294158480e-05    0.0000000000e+00     -109.2821714084        3.3184e-05       16708461      592021025   1906.73
280000          -109.2821501954   -2.1283755355e-05    0.0000000000e+00     -109.2821714791        3.1511e-05       17326710      592057909   1976.83
290000          -109.2821511961   -2.0347863765e-05    0.0000000000e+00     -109.2821715440        2.4245e-05       17945105      592091515   2046.01
300000          -109.2821521238   -1.9480014747e-05    0.0000000000e+00     -109.2821716038        2.6088e-05       18563336      592121903   2115.70
310000          -109.2821529885   -1.8672309932e-05    0.0000000000e+00     -109.2821716608        2.8560e-05       19181250      592150312   2185.92
320000          -109.2821537939   -1.7920849039e-05    0.0000000000e+00     -109.2821717147        2.3674e-05       19799359      592175855   2256.96
330000          -109.2821545461   -1.7217066481e-05    0.0000000000e+00     -109.2821717632        2.5783e-05       20417732      592198911   2327.77
340000          -109.2821552524   -1.6558108656e-05    0.0000000000e+00     -109.2821718106        2.3669e-05       21035729      592220452   2398.34
350000          -109.2821559132   -1.5939802805e-05    0.0000000000e+00     -109.2821718530        2.7209e-05       21653983      592240450   2467.87
360000          -109.2821565326   -1.5360573496e-05    0.0000000000e+00     -109.2821718932        2.4164e-05       22272220      592258417   2537.42
370000          -109.2821571189   -1.4813154216e-05    0.0000000000e+00     -109.2821719320        2.3516e-05       22890238      592274750   2608.43
380000          -109.2821576692   -1.4297889498e-05    0.0000000000e+00     -109.2821719671        2.1025e-05       23508726      592289790   2679.62
390000          -109.2821581892   -1.3812013261e-05    0.0000000000e+00     -109.2821720012        2.1235e-05       24126762      592303211   2750.83
400000          -109.2821586794   -1.3353472474e-05    0.0000000000e+00     -109.2821720328        2.1518e-05       24744892      592315806   2821.59
410000          -109.2821591453   -1.2918584001e-05    0.0000000000e+00     -109.2821720639        2.0081e-05       25363055      592327308   2891.63
420000          -109.2821595852   -1.2506413804e-05    0.0000000000e+00     -109.2821720916        2.1170e-05       25981508      592337853   2961.46
430000          -109.2821600047   -1.2114742033e-05    0.0000000000e+00     -109.2821721194        1.4804e-05       26599597      592348033   3033.16
440000          -109.2821604020   -1.1743145465e-05    0.0000000000e+00     -109.2821721451        1.5950e-05       27217711      592356893   3105.41
450000          -109.2821607793   -1.1389917777e-05    0.0000000000e+00     -109.2821721692        1.4510e-05       27835925      592364808   3176.16
460000          -109.2821611397   -1.1053547672e-05    0.0000000000e+00     -109.2821721932        1.7347e-05       28453765      592371860   3246.43
470000          -109.2821614822   -1.0733558479e-05    0.0000000000e+00     -109.2821722158        1.6208e-05       29071840      592378132   3318.27
480000          -109.2821618090   -1.0427298476e-05    0.0000000000e+00     -109.2821722363        1.3964e-05       29690227      592383990   3388.74
490000          -109.2821621219   -1.0135190657e-05    0.0000000000e+00     -109.2821722571        1.5616e-05       30307817      592389691   3458.62
500000          -109.2821624207   -9.8559365304e-06    0.0000000000e+00     -109.2821722767        1.5207e-05       30925543      592394864   3529.64
510000          -109.2821627073   -9.5889398311e-06    0.0000000000e+00     -109.2821722962        1.5713e-05       31543054      592399376   3600.65
520000          -109.2821629808   -9.3333954750e-06    0.0000000000e+00     -109.2821723142        1.7567e-05       32161002      592403378   3671.88
530000          -109.2821632431   -9.0884327966e-06    0.0000000000e+00     -109.2821723315        1.3443e-05       32778597      592406997   3742.94
540000          -109.2821634950   -8.8535866351e-06    0.0000000000e+00     -109.2821723486        9.1548e-05       33396301      592410445   3814.08
550000          -109.2821637356   -8.6282941094e-06    0.0000000000e+00     -109.2821723639        1.3945e-05       34014593      592413507   3885.15
560000          -109.2821639671   -8.4122024249e-06    0.0000000000e+00     -109.2821723793        1.3671e-05       34632480      592416374   3956.15
570000          -109.2821641897   -8.2044937787e-06    0.0000000000e+00     -109.2821723942        1.2323e-05       35250003      592418967   4024.80
580000          -109.2821644034   -8.0049946711e-06    0.0000000000e+00     -109.2821724084        1.4595e-05       35867589      592421423   4092.59
590000          -109.2821646092   -7.8128294557e-06    0.0000000000e+00     -109.2821724220        1.1362e-05       36485142      592423598   4160.36
600000          -109.2821648077   -7.6279879890e-06    0.0000000000e+00     -109.2821724356        1.6488e-05       37102377      592425684   4227.93
610000          -109.2821649985   -7.4499852785e-06    0.0000000000e+00     -109.2821724485        1.4673e-05       37720087      592427520   4295.55
620000          -109.2821651822   -7.2783023091e-06    0.0000000000e+00     -109.2821724605        9.0492e-06       38337796      592429076   4363.05
630000          -109.2821653592   -7.1130429057e-06    0.0000000000e+00     -109.2821724722        1.2476e-05       38955253      592430436   4430.42
640000          -109.2821655309   -6.9530369150e-06    0.0000000000e+00     -109.2821724840        1.0029e-05       39572409      592431711   4497.81
650000          -109.2821656963   -6.7982919405e-06    0.0000000000e+00     -109.2821724946        1.2374e-05       40190236      592432848   4565.24
660000          -109.2821658565   -6.6489049126e-06    0.0000000000e+00     -109.2821725054        1.0492e-05       40807442      592433916   4632.63
670000          -109.2821660109   -6.5051609286e-06    0.0000000000e+00     -109.2821725160        1.2008e-05       41424511      592434994   4700.29
680000          -109.2821661602   -6.3655223688e-06    0.0000000000e+00     -109.2821725257        1.1740e-05       42042342      592435789   4767.70
690000          -109.2821663043   -6.2310825495e-06    0.0000000000e+00     -109.2821725354        1.0180e-05       42659708      592436603   4835.09
700000          -109.2821664441   -6.1004719637e-06    0.0000000000e+00     -109.2821725445        1.1471e-05       43277156      592437362   4902.50
710000          -109.2821665791   -5.9745628588e-06    0.0000000000e+00     -109.2821725537        9.5648e-06       43894246      592438008   4969.63
720000          -109.2821667102   -5.8522847369e-06    0.0000000000e+00     -109.2821725625        8.3662e-06       44511491      592438619   5036.82
730000          -109.2821668373   -5.7336924356e-06    0.0000000000e+00     -109.2821725710        1.0464e-05       45128678      592439163   5104.10
740000          -109.2821669606   -5.6187529946e-06    0.0000000000e+00     -109.2821725794        1.0753e-05       45745649      592439650   5171.20
750000          -109.2821670800   -5.5072450524e-06    0.0000000000e+00     -109.2821725873        1.0296e-05       46362986      592440009   5238.28
760000          -109.2821671958   -5.3995017329e-06    0.0000000000e+00     -109.2821725953        9.9108e-06       46979634      592440366   5305.40
770000          -109.2821673083   -5.2945155851e-06    0.0000000000e+00     -109.2821726028        8.7807e-06       47596627      592440666   5372.59
780000          -109.2821674175   -5.1928520228e-06    0.0000000000e+00     -109.2821726103        1.0476e-05       48213447      592440943   5439.59
790000          -109.2821675233   -5.0941490086e-06    0.0000000000e+00     -109.2821726175        8.6693e-06       48830428      592441273   5506.48
800000          -109.2821676265   -4.9983844533e-06    0.0000000000e+00     -109.2821726249        9.0391e-06       49446916      592441575   5573.45
810000          -109.2821677263   -4.9052602151e-06    0.0000000000e+00     -109.2821726315        9.1546e-06       50064123      592441808   5640.48
820000          -109.2821678235   -4.8144996115e-06    0.0000000000e+00     -109.2821726380        8.2156e-06       50681230      592442040   5707.38
830000          -109.2821679185   -4.7261202059e-06    0.0000000000e+00     -109.2821726446        8.5865e-06       51297778      592442251   5774.25
840000          -109.2821680105   -4.6403447177e-06    0.0000000000e+00     -109.2821726509        8.7110e-06       51914771      592442413   5841.12
850000          -109.2821681002   -4.5567626617e-06    0.0000000000e+00     -109.2821726570        8.0744e-06       52531463      592442582   5908.04
860000          -109.2821681874   -4.4754069064e-06    0.0000000000e+00     -109.2821726628        7.3395e-06       53148511      592442686   5974.95
870000          -109.2821682722   -4.3963840922e-06    0.0000000000e+00     -109.2821726686        9.0923e-06       53765402      592442807   6041.65
880000          -109.2821683548   -4.3194996797e-06    0.0000000000e+00     -109.2821726743        8.4426e-06       54382094      592442910   6108.44
890000          -109.2821684354   -4.2444451874e-06    0.0000000000e+00     -109.2821726798        8.0585e-06       54998824      592443010   6175.19
900000          -109.2821685139   -4.1713056019e-06    0.0000000000e+00     -109.2821726852        7.0205e-06       55615334      592443076   6241.92
910000          -109.2821685906   -4.1000254711e-06    0.0000000000e+00     -109.2821726906        6.7740e-06       56231456      592443136   6308.53
920000          -109.2821686652   -4.0305340278e-06    0.0000000000e+00     -109.2821726957        6.7439e-06       56847884      592443203   6375.19
930000          -109.2821687378   -3.9628792758e-06    0.0000000000e+00     -109.2821727007        6.4684e-06       57464473      592443279   6441.90
940000          -109.2821688090   -3.8967792737e-06    0.0000000000e+00     -109.2821727057        7.6230e-06       58080593      592443353   6508.63
950000          -109.2821688785   -3.8322288529e-06    0.0000000000e+00     -109.2821727107        7.3280e-06       58696380      592443410   6575.19
960000          -109.2821689458   -3.7695441728e-06    0.0000000000e+00     -109.2821727154        7.6330e-06       59312907      592443464   6641.87
970000          -109.2821690120   -3.7079248066e-06    0.0000000000e+00     -109.2821727199        6.4813e-06       59929265      592443538   6708.49
980000          -109.2821690765   -3.6480772229e-06    0.0000000000e+00     -109.2821727246        7.9699e-06       60545275      592443582   6775.12
990000          -109.2821691393   -3.5896815956e-06    0.0000000000e+00     -109.2821727290        8.2728e-06       61161254      592443622   6841.71
1000000         -109.2821692008   -3.5325178766e-06    0.0000000000e+00     -109.2821727333        6.6949e-06       61777368      592443647   6908.32
1010000         -109.2821692606   -3.4768646442e-06    0.0000000000e+00     -109.2821727375        7.1175e-06       62393487      592443690   6974.98
1020000         -109.2821693193   -3.4224103635e-06    0.0000000000e+00     -109.2821727417        4.8937e-06       63009075      592443719   7041.48
1030000         -109.2821693765   -3.3691535683e-06    0.0000000000e+00     -109.2821727457        6.3963e-06       63625244      592443746   7107.90
1040000         -109.2821694326   -3.3170435342e-06    0.0000000000e+00     -109.2821727496        7.3386e-06       64241322      592443773   7174.29
1050000         -109.2821694873   -3.2662300983e-06    0.0000000000e+00     -109.2821727535        6.0395e-06       64857251      592443795   7240.77
1060000         -109.2821695410   -3.2165587844e-06    0.0000000000e+00     -109.2821727575        6.9961e-06       65472425      592443827   7307.25
1070000         -109.2821695934   -3.1677828898e-06    0.0000000000e+00     -109.2821727611        6.8741e-06       66088675      592443833   7373.57
1080000         -109.2821696444   -3.1203209566e-06    0.0000000000e+00     -109.2821727648        5.5447e-06       66704652      592443837   7440.01
1090000         -109.2821696947   -3.0735790709e-06    0.0000000000e+00     -109.2821727683        6.6210e-06       67320497      592443847   7506.38
1100000         -109.2821697438   -3.0280903572e-06    0.0000000000e+00     -109.2821727719        6.2262e-06       67936034      592443856   7572.71
1110000         -109.2821697918   -2.9834738377e-06    0.0000000000e+00     -109.2821727753        5.1844e-06       68551519      592443872   7638.91
1120000         -109.2821698388   -2.9398989460e-06    0.0000000000e+00     -109.2821727787        7.0750e-06       69167116      592443890   7705.22
1130000         -109.2821698850   -2.8969822515e-06    0.0000000000e+00     -109.2821727820        7.3466e-06       69782655      592443900   7771.54
1140000         -109.2821699300   -2.8551668917e-06    0.0000000000e+00     -109.2821727852        6.4429e-06       70398446      592443925   7837.82
1150000         -109.2821699744   -2.8140781894e-06    0.0000000000e+00     -109.2821727885        6.0106e-06       71013581      592443935   7904.00
1160000         -109.2821700176   -2.7739115444e-06    0.0000000000e+00     -109.2821727915        5.0671e-06       71629407      592443941   7970.31
1170000         -109.2821700599   -2.7346462200e-06    0.0000000000e+00     -109.2821727946        6.2040e-06       72244925      592443943   8036.64
1180000         -109.2821701016   -2.6960218949e-06    0.0000000000e+00     -109.2821727976        7.2049e-06       72859737      592443947   8102.88
1190000         -109.2821701424   -2.6582551241e-06    0.0000000000e+00     -109.2821728007        5.7508e-06       73474868      592443949   8169.03
1200000         -109.2821701823   -2.6212440153e-06    0.0000000000e+00     -109.2821728036        6.0176e-06       74090056      592443950   8235.20
1210000         -109.2821702215   -2.5848897136e-06    0.0000000000e+00     -109.2821728064        5.7679e-06       74705253      592443951   8301.38
1220000         -109.2821702599   -2.5493230421e-06    0.0000000000e+00     -109.2821728092        5.6992e-06       75320644      592443959   8367.54
1230000         -109.2821702977   -2.5142816182e-06    0.0000000000e+00     -109.2821728119        5.2881e-06       75935983      592443969   8433.63
1240000         -109.2821703345   -2.4801173732e-06    0.0000000000e+00     -109.2821728146        5.2808e-06       76551313      592443969   8499.73
1250000         -109.2821703708   -2.4465219377e-06    0.0000000000e+00     -109.2821728173        4.5874e-06       77166244      592443969   8565.87
1260000         -109.2821704065   -2.4135184880e-06    0.0000000000e+00     -109.2821728200        5.7325e-06       77781059      592443969   8631.93
1270000         -109.2821704415   -2.3811141816e-06    0.0000000000e+00     -109.2821728226        5.3270e-06       78396377      592443970   8697.89
1280000         -109.2821704757   -2.3494111055e-06    0.0000000000e+00     -109.2821728251        4.2721e-06       79010951      592443970   8764.00
1290000         -109.2821705094   -2.3182314359e-06    0.0000000000e+00     -109.2821728276        5.1877e-06       79625625      592443970   8829.96
1300000         -109.2821705423   -2.2877087785e-06    0.0000000000e+00     -109.2821728300        4.7680e-06       80240692      592443970   8896.07
1310000         -109.2821705747   -2.2577486095e-06    0.0000000000e+00     -109.2821728324        5.5115e-06       80855324      592443970   8962.14
1320000         -109.2821706066   -2.2282968797e-06    0.0000000000e+00     -109.2821728349        5.0034e-06       81469657      592443973   9028.51
1330000         -109.2821706379   -2.1993340026e-06    0.0000000000e+00     -109.2821728373        4.2357e-06       82084173      592443973   9094.61
1340000         -109.2821706686   -2.1709367095e-06    0.0000000000e+00     -109.2821728395        5.1429e-06       82699030      592443973   9160.95
1350000         -109.2821706986   -2.1431112905e-06    0.0000000000e+00     -109.2821728418        4.0059e-06       83313958      592443973   9227.29
1360000         -109.2821707283   -2.1156925760e-06    0.0000000000e+00     -109.2821728440        3.8721e-06       83928540      592443973   9293.81
1370000         -109.2821707573   -2.0888694195e-06    0.0000000000e+00     -109.2821728462        4.9751e-06       84542816      592443973   9360.53
1380000         -109.2821707860   -2.0624102178e-06    0.0000000000e+00     -109.2821728484        4.6433e-06       85157377      592443973   9427.43
1390000         -109.2821708141   -2.0364296054e-06    0.0000000000e+00     -109.2821728505        4.8330e-06       85771780      592443973   9494.69
1400000         -109.2821708418   -2.0108429427e-06    0.0000000000e+00     -109.2821728526        5.6520e-06       86385787      592443973   9562.80
1410000         -109.2821708689   -1.9858153277e-06    0.0000000000e+00     -109.2821728547        5.0277e-06       87000262      592443973   9630.71
1420000         -109.2821708956   -1.9610649797e-06    0.0000000000e+00     -109.2821728567        4.3227e-06       87614541      592443973   9698.61
1430000         -109.2821709219   -1.9368210665e-06    0.0000000000e+00     -109.2821728587        3.1554e-06       88228850      592443973   9766.69
1440000         -109.2821709477   -1.9129477910e-06    0.0000000000e+00     -109.2821728607        3.9666e-06       88843174      592443973   9834.43
1450000         -109.2821709730   -1.8895407500e-06    0.0000000000e+00     -109.2821728626        4.4894e-06       89457540      592443973   9902.60
1460000         -109.2821709979   -1.8665465871e-06    0.0000000000e+00     -109.2821728645        4.4994e-06       90071805      592443973   9970.26
1470000         -109.2821710225   -1.8439086111e-06    0.0000000000e+00     -109.2821728664        4.4777e-06       90686096      592443973  10038.24
1480000         -109.2821710465   -1.8216488177e-06    0.0000000000e+00     -109.2821728682        4.0948e-06       91300546      592443973  10106.85
1490000         -109.2821710704   -1.7997283091e-06    0.0000000000e+00     -109.2821728701        4.0182e-06       91914082      592443973  10174.95
1500000         -109.2821710937   -1.7781983476e-06    0.0000000000e+00     -109.2821728719        3.1517e-06       92528096      592443973  10242.93
1510000         -109.2821711165   -1.7570901719e-06    0.0000000000e+00     -109.2821728736        4.9443e-06       93142328      592443973  10311.88
1520000         -109.2821711392   -1.7361642080e-06    0.0000000000e+00     -109.2821728754        4.0303e-06       93756303      592443973  10379.82
1530000         -109.2821711614   -1.7156972226e-06    0.0000000000e+00     -109.2821728771        4.1008e-06       94370327      592443973  10448.65
1540000         -109.2821711833   -1.6955170200e-06    0.0000000000e+00     -109.2821728788        4.2347e-06       94983848      592443973  10516.47
1550000         -109.2821712049   -1.6756732359e-06    0.0000000000e+00     -109.2821728805        3.8993e-06       95597690      592443973  10584.69
1560000         -109.2821712260   -1.6561436311e-06    0.0000000000e+00     -109.2821728822        4.1634e-06       96211904      592443973  10652.61
1570000         -109.2821712469   -1.6368451662e-06    0.0000000000e+00     -109.2821728838        4.3075e-06       96825786      592443973  10720.83
1580000         -109.2821712675   -1.6178992394e-06    0.0000000000e+00     -109.2821728854        3.6439e-06       97439266      592443973  10788.87
1590000         -109.2821712878   -1.5992573100e-06    0.0000000000e+00     -109.2821728870        3.5331e-06       98052683      592443973  10856.77
1600000         -109.2821713077   -1.5808784133e-06    0.0000000000e+00     -109.2821728886        4.5892e-06       98666316      592443973  10924.59
1610000         -109.2821713274   -1.5627808375e-06    0.0000000000e+00     -109.2821728901        3.9901e-06       99279814      592443973  10992.72
1620000         -109.2821713467   -1.5450162894e-06    0.0000000000e+00     -109.2821728917        4.1155e-06       99893477      592443973  11061.17
1630000         -109.2821713657   -1.5274321083e-06    0.0000000000e+00     -109.2821728932        4.7113e-06      100507186      592443973  11129.46
1640000         -109.2821713846   -1.5101109757e-06    0.0000000000e+00     -109.2821728947        2.8983e-06      101120504      592443973  11197.95
1650000         -109.2821714030   -1.4931345262e-06    0.0000000000e+00     -109.2821728962        3.7008e-06      101733795      592443973  11265.95
1660000         -109.2821714212   -1.4763649008e-06    0.0000000000e+00     -109.2821728976        3.5246e-06      102347367      592443973  11334.44
1670000         -109.2821714391   -1.4598651381e-06    0.0000000000e+00     -109.2821728990        3.8154e-06      102960784      592443973  11402.25
1680000         -109.2821714568   -1.4436372256e-06    0.0000000000e+00     -109.2821729004        4.4488e-06      103574558      592443973  11470.59
1690000         -109.2821714742   -1.4276044431e-06    0.0000000000e+00     -109.2821729018        3.7882e-06      104187855      592443973  11538.48
1700000         -109.2821714914   -1.4118278547e-06    0.0000000000e+00     -109.2821729032        3.3069e-06      104801010      592443973  11607.19
1710000         -109.2821715083   -1.3962413255e-06    0.0000000000e+00     -109.2821729046        3.5845e-06      105414740      592443973  11675.39
1720000         -109.2821715250   -1.3809117134e-06    0.0000000000e+00     -109.2821729059        3.9811e-06      106028236      592443973  11743.18
1730000         -109.2821715414   -1.3658254563e-06    0.0000000000e+00     -109.2821729072        3.7048e-06      106641715      592443973  11810.74
1740000         -109.2821715576   -1.3509398593e-06    0.0000000000e+00     -109.2821729085        3.6901e-06      107254614      592443973  11878.41
1750000         -109.2821715735   -1.3362830319e-06    0.0000000000e+00     -109.2821729098        3.7842e-06      107867887      592443973  11946.43
1760000         -109.2821715892   -1.3218490440e-06    0.0000000000e+00     -109.2821729111        2.9135e-06      108481017      592443973  12014.95
1770000         -109.2821716047   -1.3076094040e-06    0.0000000000e+00     -109.2821729123        3.9018e-06      109094128      592443973  12083.32
1780000         -109.2821716200   -1.2935807322e-06    0.0000000000e+00     -109.2821729136        2.7151e-06      109707398      592443973  12151.42
1790000         -109.2821716351   -1.2797793387e-06    0.0000000000e+00     -109.2821729148        3.9825e-06      110320081      592443973  12219.52
1800000         -109.2821716499   -1.2661086249e-06    0.0000000000e+00     -109.2821729161        3.6383e-06      110932829      592443973  12287.72
1810000         -109.2821716646   -1.2526456938e-06    0.0000000000e+00     -109.2821729173        3.2146e-06      111545745      592443973  12356.00
1820000         -109.2821716791   -1.2393615198e-06    0.0000000000e+00     -109.2821729184        3.2778e-06      112158828      592443973  12424.12
1830000         -109.2821716933   -1.2262897731e-06    0.0000000000e+00     -109.2821729196        2.7668e-06      112771246      592443973  12492.15
1840000         -109.2821717074   -1.2133700371e-06    0.0000000000e+00     -109.2821729208        3.4356e-06      113384298      592443973  12559.85
1850000         -109.2821717213   -1.2006367904e-06    0.0000000000e+00     -109.2821729219        3.4674e-06      113997303      592443973  12627.53
1860000         -109.2821717350   -1.1880962478e-06    0.0000000000e+00     -109.2821729231        3.1333e-06      114610051      592443973  12695.30
1870000         -109.2821717485   -1.1757084703e-06    0.0000000000e+00     -109.2821729242        3.2003e-06      115222665      592443973  12763.21
1880000         -109.2821717618   -1.1635044404e-06    0.0000000000e+00     -109.2821729253        2.3045e-06      115835356      592443973  12831.59
1890000         -109.2821717749   -1.1514653635e-06    0.0000000000e+00     -109.2821729264        2.9224e-06      116447716      592443973  12899.73
1900000         -109.2821717879   -1.1395929647e-06    0.0000000000e+00     -109.2821729275        2.6803e-06      117060170      592443973  12967.51
1910000         -109.2821718007   -1.1278780543e-06    0.0000000000e+00     -109.2821729286        2.7944e-06      117672441      592443973  13035.38
1920000         -109.2821718133   -1.1162968437e-06    0.0000000000e+00     -109.2821729296        3.0934e-06      118284707      592443973  13103.57
1930000         -109.2821718258   -1.1048951625e-06    0.0000000000e+00     -109.2821729307        3.1582e-06      118897028      592443973  13171.51
1940000         -109.2821718381   -1.0936245031e-06    0.0000000000e+00     -109.2821729317        2.3637e-06      119509556      592443973  13239.70
1950000         -109.2821718502   -1.0825212786e-06    0.0000000000e+00     -109.2821729328        2.7633e-06      120121810      592443973  13307.77
1960000         -109.2821718622   -1.0715363659e-06    0.0000000000e+00     -109.2821729338        3.2626e-06      120733998      592443973  13375.65
1970000         -109.2821718741   -1.0606913283e-06    0.0000000000e+00     -109.2821729348        2.7961e-06      121346546      592443973  13443.47
1980000         -109.2821718858   -1.0500063875e-06    0.0000000000e+00     -109.2821729358        2.4608e-06      121958530      592443973  13511.46
1990000         -109.2821718973   -1.0394496741e-06    0.0000000000e+00     -109.2821729367        2.3196e-06      122570907      592443973  13579.50
2000000         -109.2821719087   -1.0290366883e-06    0.0000000000e+00     -109.2821729377        2.0544e-06      123182958      592443973  13647.22
2010000         -109.2821719200   -1.0187275235e-06    0.0000000000e+00     -109.2821729387        2.9701e-06      123794934      592443973  13715.40
2020000         -109.2821719311   -1.0085788205e-06    0.0000000000e+00     -109.2821729397        2.7227e-06      124406986      592443973  13783.64
2030000         -109.2821719420   -9.9858099377e-07    0.0000000000e+00     -109.2821729406        2.5853e-06      125018636      592443973  13851.99
2040000         -109.2821719528   -9.8870401091e-07    0.0000000000e+00     -109.2821729415        2.9763e-06      125630631      592443973  13919.81
2050000         -109.2821719635   -9.7896208714e-07    0.0000000000e+00     -109.2821729425        2.9389e-06      126242532      592443973  13987.70
2060000         -109.2821719741   -9.6931332118e-07    0.0000000000e+00     -109.2821729434        2.9157e-06      126854597      592443973  14055.89
2070000         -109.2821719845   -9.5981101104e-07    0.0000000000e+00     -109.2821729443        3.0772e-06      127466365      592443973  14123.98
2080000         -109.2821719948   -9.5039716539e-07    0.0000000000e+00     -109.2821729452        2.6123e-06      128077835      592443973  14191.71
2090000         -109.2821720050   -9.4112904767e-07    0.0000000000e+00     -109.2821729461        2.2172e-06      128689291      592443973  14259.86
2100000         -109.2821720150   -9.3195644281e-07    0.0000000000e+00     -109.2821729470        2.6480e-06      129300992      592443973  14328.02
2110000         -109.2821720250   -9.2289466769e-07    0.0000000000e+00     -109.2821729478        3.1838e-06      129912667      592443973  14396.01
2120000         -109.2821720348   -9.1394686010e-07    0.0000000000e+00     -109.2821729487        2.4722e-06      130524021      592443973  14463.93
2130000         -109.2821720445   -9.0512420376e-07    0.0000000000e+00     -109.2821729496        2.3454e-06      131135371      592443973  14532.22
2140000         -109.2821720540   -8.9637961330e-07    0.0000000000e+00     -109.2821729504        3.0384e-06      131747043      592443973  14600.36
2150000         -109.2821720635   -8.8776683625e-07    0.0000000000e+00     -109.2821729513        2.7704e-06      132358425      592443973  14668.24
2160000         -109.2821720729   -8.7923336237e-07    0.0000000000e+00     -109.2821729521        2.3069e-06      132969752      592443973  14736.03
2170000         -109.2821720820   -8.7086062594e-07    0.0000000000e+00     -109.2821729529        2.6218e-06      133581291      592443973  14804.22
2180000         -109.2821720912   -8.6252449875e-07    0.0000000000e+00     -109.2821729537        1.9639e-06      134192652      592443973  14872.18
2190000         -109.2821721002   -8.5435704479e-07    0.0000000000e+00     -109.2821729546        2.3405e-06      134803625      592443973  14939.99
2200000         -109.2821721091   -8.4622102370e-07    0.0000000000e+00     -109.2821729554        2.0477e-06      135414768      592443973  15007.69
Final FCI Energy:          -109.2821721091325884
Iterations: 2200000
     Energy Estimate: 0.47 seconds
Wave Function Update: 11943.89 seconds
   Coordinate Update: 968.77 seconds
     Coordinate Pick: 2087.65 seconds
IP/PT2: 15023.696099 seconds
Saved ip-only: /home/yjzhang/codes/cdfci/perturbation/CDFCI/experiment_results/energy_correction/1007784/n2_ccpvdz/05_ip_only.json
{
  "runs": [
    {
      "mode": "raw",
      "solver_seconds": 15348.29264009,
      "variational_energy": -109.28217210913823,
      "correction_seconds": 0.0,
      "correction_evaluations": 0
    },
    {
      "mode": "ip",
      "solver_seconds": 15023.696099396,
      "variational_energy": -109.28217210913259,
      "correction_seconds": 0.0005447639999999999,
      "correction_evaluations": 220
    },
    {
      "mode": "ip+olsen",
      "solver_seconds": 18510.007487051,
      "variational_energy": -109.28217210912742,
      "correction_seconds": 152.07330336299992,
      "correction_evaluations": 220
    }
  ],
  "ip_overhead_vs_raw": -0.021148706784893334,
  "olsen_overhead_vs_ip": 0.23205417392562677,
  "total_overhead_vs_raw": 0.2059978214581697,
  "timing_note": "Same allocation, one solve per variant; report I/O included. Fixed order raw, IP+Olsen, IP."
}
{
  "fcidump": "/home/yjzhang/codes/cdfci/perturbation/CDFCI/data/n2_ccpvdz_psi4.FCIDUMP",
  "spatial_orbitals": 28,
  "spin_orbitals": 56,
  "electrons": 14,
  "fixed_ms_determinant_dimension": "1401950721600",
  "reference_energy": -109.2821730115,
  "reference_kind": "supplied",
  "trajectory_stored_reference_energy": -109.2821730115,
  "reference_iterations": null,
  "reference_tail_energy_change": null,
  "trajectory_points": 220,
  "plot_reference_resolution_floor_hartree": 1e-07,
  "invalid_correction_points": 0,
  "improved_point_fraction": 1.0,
  "overshoot_points": 121,
  "first_overshoot_iteration": 1000000,
  "median_relative_runtime_overhead": 0.20599782145816972,
  "paired_relative_runtime_overheads": [
    0.20599782145816972
  ],
  "trajectory_overhead_definition": "(corrected wall time - raw wall time) / corrected wall time",
  "final_cumulative_trajectory_overhead": 0.17104330313442548,
  "direct_correction_seconds": 152.07330336299992,
  "direct_relative_runtime_overhead": 0.008283791729579526,
  "max_paired_variational_energy_difference": 2.5939485226444958e-08,
  "target_tolerances": [
    {
      "tolerance_hartree": 0.001,
      "raw_iteration": 10000,
      "corrected_iteration": 10000,
      "raw_hamiltonian_columns": 639937,
      "corrected_hamiltonian_columns": 639937,
      "raw_wall_seconds": 86.844769574,
      "corrected_wall_seconds": 80.815626763,
      "iteration_speedup": 1.0,
      "wall_time_speedup": 1.0746036757059507,
      "reference_tail_below_tenth_tolerance": "unknown"
    },
    {
      "tolerance_hartree": 0.0001,
      "raw_iteration": 90000,
      "corrected_iteration": 10000,
      "raw_hamiltonian_columns": 5759937,
      "corrected_hamiltonian_columns": 639937,
      "raw_wall_seconds": 724.519170229,
      "corrected_wall_seconds": 80.815626763,
      "iteration_speedup": 9.0,
      "wall_time_speedup": 8.965087561019923,
      "reference_tail_below_tenth_tolerance": "unknown"
    },
    {
      "tolerance_hartree": 1e-05,
      "raw_iteration": 530000,
      "corrected_iteration": 20000,
      "raw_hamiltonian_columns": 33919937,
      "corrected_hamiltonian_columns": 1279937,
      "raw_wall_seconds": 4024.237327144,
      "corrected_wall_seconds": 159.920646053,
      "iteration_speedup": 26.5,
      "wall_time_speedup": 25.163963668645447,
      "reference_tail_below_tenth_tolerance": "unknown"
    },
    {
      "tolerance_hartree": 1e-06,
      "raw_iteration": 2100000,
      "corrected_iteration": 130000,
      "raw_hamiltonian_columns": 134399937,
      "corrected_hamiltonian_columns": 8319937,
      "raw_wall_seconds": 14660.607010917,
      "corrected_wall_seconds": 1038.876250517,
      "iteration_speedup": 16.153846153846153,
      "wall_time_speedup": 14.111985911335545,
      "reference_tail_below_tenth_tolerance": "unknown"
    }
  ]
}
{
  "ip_seconds": 15023.696099396,
  "ip_olsen_seconds": 18510.007487051,
  "olsen_extra_wall_seconds": 3486.3113876549996,
  "olsen_relative_overhead": 0.23205417392562674,
  "overhead_definition": "(IP+Olsen total seconds - IP total seconds) / IP total seconds",
  "ip_report_seconds": 0.0005447639999999999,
  "ip_olsen_report_seconds": 152.07330336299992,
  "report_timer_difference_seconds": 152.0727585989999,
  "trajectory_points": 220,
  "max_variational_energy_difference_hartree": 1.8977715399159933e-08,
  "target_tolerances": [
    {
      "tolerance_hartree": 0.0001,
      "ip_iteration": 10000,
      "ip_olsen_iteration": 10000,
      "ip_seconds": 76.610947127,
      "ip_olsen_seconds": 80.815626763,
      "wall_time_speedup": 0.9479719479460248
    },
    {
      "tolerance_hartree": 1e-05,
      "ip_iteration": 60000,
      "ip_olsen_iteration": 20000,
      "ip_seconds": 442.367139893,
      "ip_olsen_seconds": 159.920646053,
      "wall_time_speedup": 2.766166538286702
    },
    {
      "tolerance_hartree": 1e-06,
      "ip_iteration": 400000,
      "ip_olsen_iteration": 130000,
      "ip_seconds": 2821.588063574,
      "ip_olsen_seconds": 1038.876250517,
      "wall_time_speedup": 2.7160001609140916
    }
  ],
  "timing_note": "One run per variant; cross-job differences also include node load and OpenMP variation. Report timers exclude per-update cache maintenance.",
  "ip_input": "/home/yjzhang/codes/cdfci/perturbation/CDFCI/experiment_results/energy_correction/1007784/n2_ccpvdz/05_ip_only.json",
  "ip_olsen_input": "/home/yjzhang/codes/cdfci/perturbation/CDFCI/experiment_results/energy_correction/1007784/n2_ccpvdz/05_large_scale_with_timings.json"
}
finished=2026-10-10 17:51:20 +0000 results=/home/yjzhang/codes/cdfci/perturbation/CDFCI/experiment_results/energy_correction/1007784
